,Jogador,Equipe,Minutos jogados:,Golos,Assistências,"Duelos ganhos, %",Altura,"Duelos defensivos ganhos, %","Duelos aéreos ganhos, %",Interseções/90,Golos sem ser por penálti,Golos esperados/90,Golos de cabeça,Golos de cabeça/90,Remate,"Remates à baliza, %","Golos marcados, %","Cruzamentos certos, %","Cruzamentos precisos do flanco esquerdo, %","Cruzamentos precisos do flanco direito, %",Dribles/90,"Dribles com sucesso, %","Duelos ofensivos ganhos, %","Passes certos, %","Passes para a frente certos, %","Passes para trás certos, %","Passes laterais certos, %","Passes curtos / médios precisos, %","Passes longos certos, %","Passes inteligentes certos, %","Passes certos para terço final, %","Passes precisos para a área de penálti, %","Passes em profundidade certos, %","Passes progressivos certos, %"
0,Rodrygo,Real Madrid,4755,19,8,45.34,174,51.28,31.71,1.97,16,0.52,0,0.0,160,37.5,11.875,32.0,30.0,32.56,6.79,57.94,49.24,88.14,82.29,93.18,87.08,91.22,53.19,28.57,82.35,63.11,22.58,83.33
1,Gabriel Jesus,Arsenal,2291,10,4,34.98,175,54.69,30.97,2.43,8,0.64,2,0.08,70,48.57,12.857,18.18,25.0,11.11,5.42,50.75,34.16,81.56,70.91,88.15,78.82,84.85,61.54,36.36,80.0,52.17,26.67,75.81
2,Neymar,Al Hilal,2292,11,11,42.6,175,47.12,20.0,0.98,10,0.44,0,0.0,63,47.62,17.46,30.0,21.43,50.0,7.58,50.26,43.19,83.38,75.05,93.85,89.32,85.91,58.24,38.81,79.76,63.03,32.95,86.54
3,Richarlison,Tottenham Hotspur,2125,6,2,31.94,184,56.98,27.03,1.4,6,0.38,3,0.13,51,43.14,11.765,28.13,7.69,42.11,3.01,36.62,29.52,71.57,52.33,87.5,79.31,76.09,47.06,45.45,60.0,48.39,40.0,58.82
4,João Pedro,Brighton,2579,13,2,43.23,182,56.64,46.36,2.62,9,0.38,2,0.07,73,39.73,17.808,32.76,36.59,25.0,7.5,52.56,40.35,77.4,62.54,92.94,77.74,81.63,53.85,34.15,63.08,52.43,26.92,80.15
5,Matheus Cunha,Wolverhampton Wanderers,2158,3,3,37.64,183,49.56,19.61,2.88,3,0.19,1,0.04,49,38.78,6.122,33.33,25.0,50.0,3.42,52.44,40.83,77.59,62.63,91.3,77.52,81.52,40.0,18.18,78.38,59.26,25.0,66.0
6,Malcom,Al Hilal,2779,25,4,47.33,171,57.45,36.27,1.52,23,0.45,1,0.03,101,39.6,24.752,28.57,26.32,30.0,5.15,69.81,48.5,86.59,82.52,93.98,87.7,89.48,75.38,68.18,78.65,65.74,71.43,90.07
7,Roberto Firmino,Al Ahli,1987,13,3,34.25,181,50.57,28.13,2.36,13,0.39,4,0.18,41,60.98,31.707,13.64,0.0,23.08,2.45,50.0,31.33,82.47,69.49,91.67,87.63,85.11,68.75,50.0,80.46,65.79,52.17,73.17
8,Pedro,Flamengo,4200,31,4,31.52,186,61.11,31.16,1.31,27,0.52,4,0.09,122,52.46,25.41,20.0,20.0,20.0,2.06,38.54,24.16,78.76,72.19,85.88,81.93,80.39,62.96,55.56,79.03,72.73,50.0,70.89
9,Gabriel Barbosa,Flamengo,5003,24,3,35.63,178,45.16,27.03,0.34,15,0.5,1,0.02,154,44.81,15.584,23.44,29.63,18.92,1.74,45.65,35.98,83.42,75.22,95.62,80.67,87.14,72.22,31.82,80.31,52.48,42.37,85.29
10,Vitor Roque,Athletico Paranaense,3939,21,7,32.96,172,49.39,22.37,1.09,18,0.44,6,0.14,89,40.45,22.472,23.53,14.29,30.0,4.01,53.25,34.69,78.85,65.33,89.55,79.25,82.47,38.46,0.0,70.97,52.17,0.0,66.67
11,Yuri Alberto,Corinthians,5557,17,8,32.4,182,47.02,32.73,1.59,16,0.32,5,0.09,136,39.71,11.765,31.03,12.5,38.1,1.94,50.0,30.76,76.63,58.74,88.14,77.48,77.93,77.78,27.27,70.69,52.94,0.0,57.75
12,Marcos Leonardo,Santos,4444,21,3,36.31,174,56.94,20.47,1.34,12,0.46,3,0.06,115,40.87,18.261,29.63,18.75,50.0,2.63,53.85,42.76,71.21,49.22,89.29,79.87,74.25,47.62,25.0,53.57,52.83,25.0,67.74
13,Talles Magno,New York City,2179,6,3,39.76,185,64.37,28.38,1.49,5,0.27,2,0.08,46,60.87,13.043,45.0,56.25,0.0,4.34,52.38,38.3,83.98,74.6,89.44,89.0,85.64,68.75,50.0,80.36,78.05,52.38,80.82
14,Felipe Anderson,Lazio,3851,10,7,44.6,175,61.15,27.94,3.18,10,0.19,1,0.02,55,54.55,18.182,23.94,35.29,20.37,3.41,55.48,38.68,79.85,65.06,92.64,80.09,83.05,59.72,42.86,72.64,48.87,40.0,74.23
15,Arthur Cabral,Benfica,2605,16,1,28.85,186,49.41,33.16,1.55,14,0.51,3,0.1,76,50.0,21.053,18.18,14.29,25.0,2.07,35.0,22.46,75.89,55.56,91.53,77.14,77.98,42.86,33.33,60.0,52.17,30.0,63.33
16,A. Conceição,Al Nassr,2754,24,2,44.73,190,54.21,48.91,1.6,22,0.46,5,0.16,132,39.39,18.182,21.43,15.79,26.09,3.4,52.88,43.53,80.51,73.94,96.5,78.72,85.63,68.97,23.08,74.32,41.1,21.43,84.87
17,Rony,Palmeiras,4635,16,4,34.81,166,48.15,27.2,1.55,15,0.34,6,0.13,113,40.71,13.274,29.89,38.89,22.45,1.84,47.73,38.22,68.03,50.91,87.8,68.39,75.25,50.0,22.22,69.44,46.05,11.11,63.51
18,Gabriel Veron,Porto,617,1,4,42.76,176,56.82,25.0,2.48,1,0.35,0,0.0,14,42.86,7.143,33.33,50.0,20.0,3.5,54.17,40.35,76.47,76.32,90.7,73.68,79.31,50.0,42.86,83.33,37.5,33.33,82.35
19,Evander,Portland Timbers,3055,14,4,44.34,180,54.17,26.92,2.18,12,0.25,0,0.0,88,38.64,15.909,31.82,38.1,23.81,4.07,52.17,42.46,81.41,70.06,95.06,86.44,85.15,63.73,43.75,76.44,57.43,38.46,80.65
20,Rodrigo,Al Rayyan,2160,13,2,36.82,182,52.27,34.48,1.88,12,0.44,2,0.08,68,48.53,19.118,33.33,37.5,33.33,3.13,46.67,34.46,75.33,60.0,87.2,74.17,79.09,58.82,38.89,48.65,53.49,50.0,69.35
21,Róger Guedes,Al Rayyan,5448,28,4,45.72,182,54.41,48.87,1.37,25,0.35,4,0.07,168,41.67,16.667,36.23,39.58,30.0,3.65,50.68,45.82,80.82,74.49,90.14,82.28,83.23,70.69,29.63,81.12,52.43,26.09,79.82
22,Brenner,Udinese,984,4,0,36.67,175,62.5,22.22,2.01,4,0.35,0,0.0,28,50.0,14.286,100.0,100.0,100.0,2.2,58.33,36.0,86.22,72.22,91.46,89.57,86.39,81.82,50.0,77.78,66.67,40.0,78.85
23,Paulinho,Atlético Mineiro,4062,22,5,38.65,177,57.14,24.24,1.85,22,0.47,6,0.14,112,52.68,19.643,20.45,25.81,8.33,3.17,52.55,35.74,83.38,77.14,91.19,80.98,86.21,70.0,30.0,83.12,64.41,22.22,66.67
24,Matheus Nascimento,Botafogo,985,3,1,36.91,182,57.14,32.81,1.15,3,0.23,0,0.0,17,52.94,17.647,20.0,0.0,25.0,0.86,66.67,33.75,72.88,72.0,75.0,70.0,75.22,0.0,50.0,83.33,44.44,0.0,71.43
25,Willian José,Real Betis,1788,6,1,34.1,189,54.55,29.27,1.56,5,0.27,2,0.1,33,45.45,18.182,18.18,66.67,0.0,1.06,47.62,25.35,81.52,56.1,91.18,85.71,84.1,57.69,55.56,62.22,69.23,57.14,72.22
26,João Pedro,Grêmio,1638,4,0,33.91,184,55.56,38.1,1.23,4,0.22,0,0.0,22,40.91,18.182,37.5,40.0,0.0,2.18,38.46,28.24,80.17,65.22,95.31,75.71,82.3,73.33,25.0,62.96,61.11,0.0,81.82
27,João Pedro,Al Taawon,2797,18,3,36.11,182,50.82,47.19,1.9,15,0.59,5,0.16,106,42.45,16.981,14.29,40.0,0.0,3.22,51.0,32.16,80.47,67.78,84.8,86.55,82.82,64.29,42.86,72.09,56.67,50.0,68.42
28,Pedro Raul,Toluca,3853,17,4,35.09,192,57.01,39.47,1.57,16,0.49,5,0.12,123,43.09,13.821,29.41,40.0,14.29,1.71,46.58,32.21,73.59,59.84,87.76,75.74,75.76,18.18,40.0,65.33,51.85,50.0,65.31
29,C. Lucas,Al Sharjah,3101,15,2,36.64,173,47.96,29.87,2.09,8,0.37,0,0.0,71,39.44,19.718,30.14,30.0,31.25,3.98,45.11,35.94,78.61,71.7,90.88,77.95,82.73,64.29,37.21,69.54,56.12,38.78,87.08
30,Thiago Andrade,Athletico Paranaense,692,1,0,35.33,180,53.49,27.27,1.25,1,0.14,0,0.0,10,70.0,10.0,50.0,100.0,33.33,2.37,58.82,29.87,84.87,63.64,90.0,84.44,85.81,100.0,100.0,83.33,75.0,100.0,68.75
31,Alan Patrick,Internacional,4698,14,6,41.15,177,50.51,20.27,1.63,9,0.31,1,0.02,104,36.54,12.5,33.33,31.25,35.29,4.0,58.25,43.11,84.18,70.12,94.23,90.73,86.57,55.29,29.69,78.51,59.15,30.99,81.27
32,Danilo,Rangers,2016,10,4,33.82,174,57.89,28.07,2.37,10,0.66,3,0.13,85,42.35,11.765,50.0,50.0,0.0,2.63,38.98,29.81,79.4,72.53,85.94,78.51,80.49,46.15,66.67,75.0,58.33,60.0,71.43
33,Matheus França,Crystal Palace,1855,6,1,44.58,182,58.02,47.37,2.28,6,0.34,2,0.1,52,30.77,11.538,35.14,20.0,42.31,4.85,55.0,38.7,76.77,63.64,91.47,80.51,81.32,56.67,57.14,81.03,55.1,50.0,79.71
34,Lázaro,Almería,858,6,0,36.52,181,55.17,24.0,2.2,6,0.42,0,0.0,25,48.0,24.0,25.0,14.29,40.0,3.67,48.57,35.42,77.5,60.78,95.83,76.27,82.76,50.0,66.67,75.0,42.86,33.33,83.33
35,Rodrigo Muniz,Fulham,664,0,0,38.32,185,68.75,39.74,1.22,0,0.29,0,0.0,12,33.33,0.0,0.0,0.0,0.0,1.76,38.46,28.36,62.96,46.67,81.25,60.0,66.0,33.33,0.0,40.0,28.57,0.0,57.14
36,Carlos Vinícius,Fulham,1541,6,3,27.51,190,60.0,22.43,1.23,6,0.29,1,0.06,23,56.52,26.087,0.0,0.0,0.0,1.46,32.0,23.49,72.59,62.5,86.15,62.86,77.05,50.0,28.57,52.63,35.29,28.57,68.18
37,M. Brunori,Palermo,3223,14,3,34.37,180,45.83,32.28,1.48,11,0.49,2,0.06,98,38.78,14.286,29.55,31.03,23.08,3.99,46.15,38.34,66.82,54.17,90.53,64.33,74.25,29.03,41.67,55.88,50.0,30.77,67.39
38,R. Ricardo,Al Ittihad,3378,19,8,40.13,174,50.93,42.42,2.37,16,0.44,3,0.08,85,56.47,22.353,18.92,18.18,19.23,3.28,48.78,39.41,87.54,82.61,94.6,88.05,90.21,56.76,34.78,82.67,60.32,32.0,84.56
39,Marcão,Wuhan Three Towns,1804,15,0,42.79,196,57.38,53.8,1.85,13,0.69,6,0.3,98,34.69,14.286,0.0,0.0,0.0,5.79,48.28,37.32,65.13,48.78,92.0,63.27,66.85,66.67,22.22,53.85,9.09,20.0,90.0
40,Rafael Navarro,Colorado Rapids,1164,4,1,36.13,183,52.5,29.89,2.09,4,0.35,1,0.08,30,46.67,13.333,12.5,0.0,14.29,3.25,42.86,36.36,72.64,63.46,87.5,68.33,76.76,44.44,50.0,69.57,69.23,66.67,72.0
41,Tiquinho Soares,Botafogo,4571,30,6,36.82,187,51.75,37.46,1.37,23,0.43,7,0.14,126,42.06,23.016,37.14,37.04,37.5,2.07,50.96,36.93,74.83,56.63,89.58,76.47,76.89,66.67,22.73,61.79,41.38,18.52,72.0
42,Alerrandro,Red Bull Bragantino,1601,9,3,28.77,180,48.72,24.42,1.57,9,0.42,2,0.11,46,41.3,19.565,11.11,0.0,16.67,1.52,59.26,30.14,77.57,65.22,91.55,72.73,80.97,42.86,55.56,52.38,62.5,45.45,77.27
43,João Klauss,St. Louis City ,1213,8,1,38.97,190,50.91,38.14,2.3,8,0.33,2,0.15,31,51.61,25.806,25.0,0.0,50.0,1.63,59.09,36.04,69.86,55.88,82.14,72.86,72.96,40.0,33.33,59.38,54.17,33.33,70.0
44,John Kennedy,Fluminense,2478,13,2,34.35,181,50.57,32.56,1.02,10,0.4,2,0.08,59,42.37,18.644,27.78,11.11,37.5,6.81,47.4,30.83,77.13,69.74,95.06,73.56,80.0,81.82,23.08,75.0,56.41,42.86,76.92
45,Marcos Paulo,São Paulo,1750,5,4,36.02,185,52.5,30.0,2.77,5,0.13,0,0.0,23,47.83,21.739,20.0,15.38,50.0,5.1,44.68,32.53,78.78,61.95,94.62,81.44,82.01,56.67,31.25,70.59,53.85,23.81,81.33
46,Bissoli,Ceará,1281,1,0,35.77,177,45.76,34.12,1.19,0,0.18,0,0.0,19,21.05,5.263,12.5,0.0,20.0,0.84,33.33,32.05,75.9,67.39,94.29,71.01,78.13,68.42,50.0,68.18,28.57,33.33,84.21
47,Erison,São Paulo,1257,5,1,29.18,180,45.71,28.4,0.75,5,0.23,0,0.0,28,42.86,17.857,50.0,100.0,0.0,2.41,18.75,28.35,75.76,41.67,86.11,84.0,76.84,0.0,0.0,40.0,50.0,0.0,75.0
48,Diego Costa,Botafogo,1765,3,0,30.43,186,45.45,28.79,1.71,3,0.26,1,0.06,32,53.13,9.375,18.18,25.0,0.0,1.66,53.33,29.23,77.7,69.05,87.95,74.67,80.68,33.33,60.0,66.67,40.0,50.0,66.67
49,Gabriel Pirani,DC United,1700,3,1,41.67,170,52.08,26.67,1.91,3,0.21,0,0.0,24,54.17,12.5,24.32,21.05,23.53,6.83,46.51,41.09,82.02,76.12,88.44,82.11,87.0,40.0,11.11,76.74,48.15,18.18,70.18
50,Vitinho,Al Ettifaq,2034,4,2,40.64,180,50.0,38.89,2.43,4,0.17,0,0.0,45,31.11,8.889,43.48,50.0,0.0,5.09,49.57,38.0,77.76,72.19,92.68,79.08,82.0,68.0,41.67,70.73,56.25,21.74,79.55
51,Cryzan,Shandong Taishan,3282,32,5,43.65,190,61.65,44.38,2.11,29,0.6,3,0.08,155,46.45,20.645,36.25,39.39,36.36,7.38,55.76,40.42,78.0,70.04,89.66,76.68,81.99,57.89,39.13,79.28,48.65,33.33,83.45
52,Rafael Elias,Cruzeiro,1808,8,1,34.97,182,40.66,30.77,1.94,8,0.37,2,0.1,52,42.31,15.385,33.33,33.33,20.0,2.34,42.55,36.08,71.11,50.0,94.67,72.0,74.79,75.0,30.0,54.55,40.0,38.46,83.33
53,D. Bessa,Al Ittihad Kalba,2759,8,2,37.2,173,50.49,23.88,2.19,7,0.26,0,0.0,55,45.45,14.545,45.45,55.56,40.54,2.71,46.99,37.23,83.89,76.45,94.69,86.13,87.14,59.38,38.46,76.17,66.67,37.93,84.95
54,Alemão,Real Oviedo,2264,5,1,34.05,182,49.51,33.74,1.39,5,0.26,2,0.08,44,29.55,11.364,37.04,50.0,29.41,3.66,46.74,31.89,72.9,62.2,85.19,76.99,75.93,58.33,14.29,69.7,48.48,18.75,82.35
55,Bernard,Panathinaikos,3335,6,6,44.38,164,52.4,0.0,2.05,6,0.1,0,0.0,43,27.91,13.953,32.79,22.22,36.59,3.05,51.33,42.23,82.28,74.39,94.78,85.13,85.82,62.92,42.11,77.39,56.3,31.11,79.83
56,Luciano,São Paulo,4595,13,5,46.85,181,51.82,39.33,1.46,12,0.27,1,0.02,113,36.28,10.619,41.18,46.67,35.29,1.9,59.34,48.94,86.38,72.78,95.06,89.37,88.54,74.58,30.43,80.45,62.5,30.3,83.03
57,Bruno Henrique,Flamengo,1669,7,1,45.81,184,52.05,44.44,2.04,5,0.4,2,0.13,32,43.75,15.625,37.5,37.5,28.57,4.65,58.9,44.44,78.32,59.46,97.32,75.86,83.89,20.0,40.0,73.33,41.38,40.0,78.43
58,Kenedy,Real Valladolid,848,0,1,37.37,180,58.33,30.0,2.55,0,0.19,0,0.0,20,50.0,0.0,54.55,50.0,66.67,5.41,39.22,31.53,77.13,54.39,96.3,82.54,81.0,30.77,50.0,76.19,47.62,37.5,73.53
59,Marcos André,Real Valladolid,634,1,1,37.82,185,51.85,30.23,1.42,1,0.11,0,0.0,10,30.0,10.0,50.0,0.0,50.0,3.55,48.0,40.0,67.61,68.42,66.67,65.52,68.25,66.67,0.0,83.33,33.33,0.0,77.78
60,Reinier,Frosinone,432,1,1,36.89,185,65.0,42.86,1.88,1,0.16,1,0.21,6,33.33,16.667,25.0,25.0,0.0,1.46,28.57,32.08,82.61,69.7,93.55,85.29,87.2,44.44,0.0,60.0,80.0,0.0,63.64
61,A. Shinyashiki,Neftchi,813,1,0,36.73,175,51.02,17.02,2.13,0,0.15,0,0.0,12,16.67,0.0,52.0,52.94,50.0,4.37,64.1,37.84,75.54,66.04,87.76,82.19,80.2,53.85,30.0,76.92,53.85,27.27,68.75
62,Davidson,Wuhan Three Towns,3438,12,7,44.46,177,55.08,35.11,2.57,9,0.36,1,0.03,101,39.6,11.881,33.73,31.37,36.67,8.14,56.27,43.88,79.42,71.96,92.09,81.87,84.3,58.57,32.0,72.18,57.14,36.36,87.01
63,Wesley,Stoke City,2088,4,1,34.43,191,54.72,40.71,1.56,4,0.33,2,0.09,38,44.74,10.526,57.14,75.0,33.33,1.29,41.38,29.51,77.67,59.57,85.23,85.84,78.13,75.0,33.33,75.0,61.29,36.36,81.4
64,João Figueiredo,İstanbul Başakşehir,3351,10,2,34.09,180,45.8,32.12,1.93,10,0.25,0,0.0,72,30.56,13.889,37.5,26.67,55.56,2.74,47.06,34.56,78.68,65.38,89.72,81.86,80.21,76.47,37.5,68.66,55.88,40.0,74.63
65,Marquinhos,Ferencváros,2471,6,6,41.51,170,61.01,26.42,2.37,5,0.21,0,0.0,56,35.71,10.714,24.39,30.43,16.67,6.67,53.55,40.31,78.28,68.42,90.95,77.82,81.14,61.11,44.83,71.43,56.98,44.83,80.88
66,Hulk,Atlético Mineiro,4621,25,9,35.38,180,57.05,30.77,0.93,18,0.47,0,0.0,183,38.8,13.661,37.65,28.0,41.67,7.32,47.92,34.7,72.5,59.76,87.01,72.59,76.92,52.63,30.19,66.96,55.33,32.73,83.19
67,Nikão,Cruzeiro,999,3,1,48.17,174,70.21,51.85,0.99,2,0.15,0,0.0,15,26.67,20.0,50.0,80.0,42.11,2.79,38.71,40.19,83.73,76.32,91.86,84.77,88.27,57.14,45.45,70.27,62.5,44.44,74.07
68,Boschilia,Coritiba,924,1,1,48.06,173,53.66,27.27,3.12,1,0.15,0,0.0,27,37.04,3.704,10.0,33.33,0.0,2.53,57.69,45.78,81.95,75.0,93.22,83.19,87.3,41.67,0.0,74.19,23.53,22.22,72.22
69,Igor Jesus,Shabab Al Ahli Dubai,1241,6,0,40.43,180,54.35,43.64,2.11,4,0.3,0,0.0,25,52.0,24.0,0.0,0.0,0.0,2.19,67.86,34.45,81.03,69.57,93.62,97.1,81.57,84.62,75.0,81.58,87.5,76.92,89.66
70,Pedro Henrique,Internacional,3220,11,3,45.0,181,41.01,39.71,1.49,7,0.32,1,0.03,80,50.0,13.75,26.5,21.15,28.57,6.05,62.33,51.53,73.67,62.81,87.31,72.13,84.18,53.57,42.86,63.04,40.2,0.0,77.32
71,Rodrigo Pinho,Coritiba,1829,5,1,33.8,185,50.0,27.78,1.23,5,0.41,0,0.0,60,35.0,8.333,28.57,33.33,33.33,2.17,38.64,30.77,76.16,55.56,94.81,74.32,78.35,65.0,30.0,69.7,46.67,36.36,70.59
72,Marrony,Midtjylland,412,1,0,48.78,181,70.0,50.0,2.18,1,0.15,1,0.22,11,27.27,9.091,50.0,33.33,60.0,4.81,77.27,46.15,83.55,77.42,80.0,95.83,85.42,0.0,66.67,81.82,75.0,50.0,76.92
73,Héber,Seattle Sounders,1472,5,1,26.58,182,48.21,14.93,1.16,5,0.52,0,0.0,41,48.78,12.195,0.0,0.0,0.0,0.49,37.5,18.57,80.71,60.0,90.27,75.29,82.7,60.0,50.0,71.43,53.33,20.0,48.15
74,Alef Manga,Pafos,3377,17,7,39.97,190,60.0,41.98,1.55,9,0.39,0,0.0,95,49.47,17.895,38.1,33.87,44.19,3.57,50.0,36.16,74.98,62.03,91.81,72.49,80.88,55.56,30.0,62.82,51.45,24.0,82.56
75,André Silva,Vitória Guimarães,2837,6,4,31.51,177,55.96,24.32,1.99,6,0.24,2,0.06,73,32.88,8.219,41.38,57.89,11.11,2.82,46.59,30.63,75.31,61.9,85.23,78.74,77.39,63.41,15.0,60.49,47.5,25.0,67.5
76,E. Marcondes,Bournemouth,646,5,3,48.48,182,69.57,42.86,1.95,4,0.63,0,0.0,25,56.0,20.0,16.67,16.67,16.67,1.39,50.0,40.0,68.54,57.69,93.1,65.08,74.34,50.0,25.0,57.14,17.65,20.0,76.19
77,Eduardo Sasha,Red Bull Bragantino,2517,12,4,38.07,173,53.16,31.15,1.16,11,0.31,0,0.0,51,41.18,23.529,46.67,28.57,62.5,1.72,45.65,36.87,80.09,68.02,91.77,83.42,82.46,62.26,45.45,66.67,55.36,36.0,76.25
78,Sergio Santos,Cincinnati,1165,4,2,36.76,183,61.67,35.44,1.31,4,0.5,1,0.08,29,37.93,13.793,22.22,20.0,33.33,2.86,51.35,35.04,71.89,55.1,83.87,74.24,75.89,71.43,42.86,71.43,46.67,42.86,68.0
79,Marcos Guilherme,V-Varen Nagasaki,1529,2,2,44.34,173,67.21,15.79,1.12,2,0.15,0,0.0,26,38.46,7.692,26.67,36.36,0.0,1.77,83.33,47.42,88.61,80.61,94.48,90.5,91.38,62.5,75.0,84.09,60.0,33.33,83.02
80,Léo Baptistão,Almería,1752,5,1,41.78,185,49.19,41.03,3.24,5,0.25,2,0.1,41,34.15,12.195,23.08,0.0,28.57,3.08,55.0,39.47,69.47,51.72,90.27,65.79,74.94,43.59,28.57,49.12,38.24,30.77,51.28
81,Thiago Santana,Shimizu S-Pulse,2598,13,0,35.11,184,57.53,38.39,1.84,12,0.53,2,0.07,106,33.96,12.264,28.57,35.0,12.5,3.12,50.0,29.33,78.88,69.0,91.49,78.77,81.82,69.57,30.77,80.0,56.41,23.08,77.36
82,Mateus,Al Taawon,3388,5,8,42.05,167,50.86,7.14,1.94,4,0.24,0,0.0,116,37.93,4.31,34.86,35.48,34.04,4.94,54.84,44.3,74.22,70.77,87.7,71.06,80.09,60.38,35.29,71.43,44.53,29.27,75.45
83,J. von Moos,St. Gallen,1416,3,3,43.58,181,72.09,20.0,1.53,3,0.33,0,0.0,43,25.58,6.977,47.06,50.0,46.15,6.17,56.7,41.12,76.99,68.13,80.3,79.55,79.74,58.82,30.0,77.42,61.76,36.36,85.45
84,David,São Paulo,1427,5,3,41.71,180,51.9,32.31,1.42,5,0.34,1,0.06,40,40.0,12.5,29.03,29.63,33.33,3.86,71.67,45.73,78.95,65.71,88.07,80.67,83.63,78.57,44.44,76.92,51.43,50.0,76.74
85,Lincoln,Vissel Kobe,530,2,0,30.46,180,64.71,17.86,2.38,1,0.38,0,0.0,10,60.0,20.0,0.0,0.0,0.0,3.57,38.1,26.87,84.78,67.74,100.0,81.82,86.36,60.0,0.0,70.0,33.33,0.0,54.55
86,Erik,Machida Zelvia,3206,20,10,36.11,170,52.76,22.97,1.97,18,0.37,0,0.0,60,53.33,33.333,40.0,35.14,46.43,4.01,46.85,35.45,77.27,74.83,83.13,76.26,81.45,66.67,40.0,81.67,60.0,60.0,78.75
87,Perotti,Tokyo,1252,6,0,30.73,186,44.68,31.36,1.37,5,0.41,2,0.14,28,64.29,21.429,0.0,0.0,0.0,2.23,51.61,27.04,75.91,70.0,84.62,73.33,76.78,71.43,50.0,61.11,100.0,66.67,80.0
88,Diego Lopes,Lion City Sailors FC,2451,10,11,44.24,171,64.52,29.41,1.14,9,0.43,2,0.07,72,31.94,13.889,26.32,28.0,27.27,2.9,59.49,41.71,83.89,75.95,92.52,86.79,87.15,64.81,43.48,76.06,62.86,45.0,86.39
89,Paulinho,Al Bataeh,2365,7,7,44.65,166,63.87,17.86,2.21,7,0.19,0,0.0,46,39.13,15.217,33.33,36.0,31.82,4.45,47.01,39.69,86.64,76.22,94.37,89.83,89.43,75.0,48.08,77.66,64.41,43.75,87.05
90,Matheus Vargas,Juventude,1369,1,0,41.83,181,53.25,30.67,2.43,1,0.16,0,0.0,25,20.0,4.0,29.03,30.77,27.78,3.62,65.45,46.9,76.36,58.68,93.59,80.27,84.23,39.47,25.0,61.33,39.02,23.53,71.7
91,Thiago Galhardo,Fortaleza,4039,20,5,37.8,183,48.39,28.19,2.02,18,0.42,5,0.11,122,43.44,16.393,29.03,20.0,33.33,2.72,57.5,42.25,73.17,54.26,90.34,77.78,76.67,41.18,30.23,63.28,54.22,20.0,69.67
92,Alex Teixeira,Vasco da Gama,2212,5,5,43.69,174,52.69,34.0,1.55,5,0.32,3,0.12,46,45.65,10.87,68.42,64.71,100.0,2.85,51.43,45.16,86.86,73.74,93.97,90.54,88.49,50.0,66.67,86.36,60.61,50.0,76.0
93,Eduardo,Botafogo,3653,11,6,44.17,184,47.17,31.62,1.62,11,0.25,2,0.05,50,40.0,22.0,21.95,42.86,17.65,1.89,52.0,49.14,83.4,74.76,94.47,84.65,87.14,62.5,44.44,74.24,37.31,26.09,83.23
94,Mikael,América Mineiro,412,1,0,36.27,184,50.0,23.53,0.66,1,0.42,0,0.0,17,35.29,5.882,20.0,0.0,20.0,4.81,40.91,31.67,79.69,58.33,100.0,80.95,85.96,50.0,50.0,60.0,42.86,100.0,85.71
95,Matheus Peixoto,Atlético GO,1670,6,2,36.29,190,45.45,42.22,1.83,2,0.41,1,0.05,34,47.06,17.647,14.29,50.0,0.0,0.86,62.5,29.85,77.25,58.33,92.31,75.71,80.0,63.64,100.0,57.89,25.0,66.67,40.0
96,Elias Manoel,New York RB,1967,5,1,28.81,176,55.74,19.61,1.8,5,0.34,1,0.05,44,31.82,11.364,35.29,33.33,36.36,1.98,47.62,27.27,69.87,46.34,77.42,69.01,72.73,45.45,50.0,50.0,55.0,50.0,67.74
97,Carlos Eduardo,Alanyaspor,1734,3,0,43.76,173,53.17,33.33,3.38,2,0.12,0,0.0,23,30.43,13.043,20.0,20.0,20.0,4.8,52.27,43.5,72.93,60.87,91.03,68.69,77.9,50.0,28.57,52.63,52.94,42.86,57.5
98,Anderson Silva,Alanyaspor,1474,4,0,27.4,186,43.75,23.39,1.57,4,0.31,0,0.0,41,31.71,9.756,22.22,33.33,0.0,3.47,32.08,26.9,70.73,53.57,84.78,77.14,73.33,83.33,40.0,56.25,50.0,25.0,64.29
99,Thonny Anderson,ABC,1601,2,3,40.07,184,55.43,37.84,3.37,0,0.19,0,0.0,26,34.62,7.692,31.82,60.0,8.33,4.83,48.84,37.88,70.66,56.28,89.9,76.47,74.72,51.06,29.63,53.61,35.09,21.62,78.67
100,Zé Roberto,Mirassol,2624,9,2,37.4,184,33.65,47.06,1.58,6,0.28,1,0.03,50,44.0,18.0,38.1,38.46,37.5,2.92,30.59,33.33,73.53,58.33,90.08,75.54,75.83,50.0,33.33,62.3,42.86,29.41,71.88
101,Júnior Brumado,Hansa Rostock,774,1,0,31.33,190,48.15,39.71,1.16,1,0.28,0,0.0,19,21.05,5.263,50.0,0.0,50.0,5.0,51.16,25.58,81.82,71.43,87.5,81.08,81.88,100.0,80.0,66.67,100.0,66.67,72.73
102,Bruno Duarte,Farense,1506,3,0,37.0,182,54.76,36.28,1.43,3,0.37,2,0.12,37,37.84,8.108,31.25,50.0,20.0,2.93,57.14,37.12,75.45,58.0,89.87,76.62,79.27,56.25,50.0,53.57,50.0,37.5,80.77
103,Matheus Babi,Goiás,1851,6,1,35.6,191,53.92,39.48,1.99,3,0.27,1,0.05,32,43.75,18.75,0.0,0.0,0.0,2.09,39.53,27.68,72.7,54.55,89.33,73.02,75.19,50.0,0.0,64.52,11.11,0.0,60.0
104,Gabriel Novaes,Goiás,618,2,0,34.9,183,40.0,26.67,1.77,0,0.16,0,0.0,4,50.0,0.0,33.33,0.0,100.0,3.71,42.86,33.82,81.69,69.23,95.0,73.68,83.58,100.0,0.0,62.5,75.0,0.0,75.0
105,Marcos Júnior,Sanfrecce Hiroshima,1652,4,3,41.67,167,55.38,22.58,1.69,4,0.31,0,0.0,43,44.19,9.302,30.95,26.09,36.84,1.36,60.0,42.96,79.5,63.89,94.81,82.7,84.58,48.48,56.52,67.07,60.0,45.83,77.14
106,Daniel,Fluminense,2086,1,1,46.49,173,56.36,27.78,2.56,1,0.09,0,0.0,25,24.0,4.0,50.0,40.91,61.54,1.91,53.66,45.16,84.91,73.25,97.47,89.85,89.38,58.93,45.0,76.35,54.13,41.94,89.85
107,Vitor Bueno,Athletico Paranaense,3115,10,6,43.99,184,59.13,45.45,1.67,7,0.21,0,0.0,83,42.17,12.048,49.06,54.17,44.44,2.84,58.76,42.04,82.37,69.66,94.12,85.71,86.01,50.68,47.62,76.88,55.0,41.38,82.42
108,Francisco da Costa,Bolívar,1587,3,0,35.81,185,41.18,38.3,1.81,3,0.26,1,0.07,34,38.24,8.824,50.0,42.86,0.0,2.1,48.28,32.98,74.63,56.82,88.89,68.42,76.29,33.33,33.33,56.25,50.0,33.33,68.0
109,Moisés,Cruz Azul,2220,8,3,43.04,175,50.0,48.33,1.58,8,0.25,0,0.0,56,48.21,14.286,29.03,33.33,0.0,6.97,48.26,42.05,81.06,71.64,94.55,82.41,84.84,80.0,33.33,80.43,65.63,50.0,76.92
110,Leandro Damião,Kawasaki Frontale,546,1,1,34.07,188,57.14,44.19,0.82,0,0.5,0,0.0,15,33.33,6.667,0.0,0.0,0.0,0.99,50.0,30.23,65.15,78.57,88.89,55.0,67.74,33.33,0.0,50.0,57.14,0.0,80.0
111,Anderson Lopes,Yokohama F. Marinos,3263,23,4,30.66,185,52.33,27.78,1.63,21,0.52,10,0.28,84,51.19,27.381,33.33,25.0,0.0,2.76,47.0,28.21,82.06,70.8,92.31,83.17,83.78,57.58,53.85,77.94,51.61,50.0,70.37
112,Vinicius Mello,Charlotte FC,1097,5,2,36.29,182,54.55,33.33,1.77,3,0.52,1,0.1,26,38.46,11.538,25.0,0.0,40.0,3.53,55.56,36.11,78.3,52.63,95.31,74.24,82.54,47.06,0.0,51.85,66.67,0.0,73.68
113,Paulinho,Corinthians,781,2,0,48.41,183,75.0,45.24,3.46,2,0.13,1,0.12,11,18.18,18.182,50.0,66.67,0.0,1.04,66.67,42.19,86.17,57.58,98.55,96.0,89.02,42.86,50.0,57.14,50.0,100.0,57.14
114,Raniel,Qingdao West Coast,1979,12,2,41.34,181,55.56,39.09,1.64,8,0.54,1,0.05,62,48.39,19.355,33.33,16.67,66.67,3.96,49.43,38.69,77.22,57.38,92.86,74.42,79.32,61.54,50.0,57.58,50.0,50.0,68.18
115,Vina,Al Hazem,3332,7,1,41.95,177,40.91,46.51,2.28,6,0.29,2,0.06,80,40.0,8.75,41.46,28.57,48.15,1.14,53.66,46.31,83.24,73.56,95.11,86.75,86.55,67.72,42.22,74.9,54.17,40.98,85.89
116,Luiz Phellype,OFI,960,3,0,29.11,188,48.15,25.49,1.13,3,0.26,1,0.09,23,39.13,13.043,25.0,0.0,50.0,1.31,57.14,26.26,89.12,77.27,96.83,92.65,90.32,100.0,50.0,84.62,40.0,50.0,100.0
117,Camilo Sanvezzo,Querétaro,1853,8,3,34.92,170,53.16,16.67,1.26,7,0.32,1,0.05,59,35.59,13.559,26.32,37.5,18.18,2.57,50.94,36.24,76.79,71.21,86.81,75.23,80.57,58.82,33.33,67.86,69.23,30.0,80.65
118,Gustavo,Jeonbuk Motors,1599,3,0,41.65,189,50.0,49.63,1.91,2,0.35,0,0.0,33,51.52,9.091,33.33,25.0,40.0,1.86,45.45,29.2,68.14,50.0,92.54,72.15,71.22,33.33,44.44,40.0,46.88,50.0,66.67
119,André Luis,Jeonbuk Motors,1491,2,1,42.2,179,56.06,37.7,1.39,2,0.18,2,0.12,26,30.77,7.692,26.32,23.08,33.33,3.08,49.02,39.58,81.79,78.57,95.15,75.0,86.1,61.11,66.67,84.21,50.0,57.14,75.51
120,Douglas Tanque,Kocaelispor,2604,18,3,35.44,188,51.02,41.03,2.4,16,0.55,4,0.14,89,49.44,20.225,11.76,7.14,33.33,2.89,54.22,32.29,72.3,56.63,87.72,68.7,76.63,42.31,14.29,63.64,40.0,23.08,78.38
121,Arthur Caíke,Kashima Antlers,893,3,0,35.47,174,53.13,43.62,2.32,2,0.37,1,0.1,27,22.22,11.111,23.08,10.0,66.67,1.91,31.58,24.73,80.0,58.14,93.44,74.63,85.15,20.0,33.33,64.29,55.56,28.57,66.67
122,Jairo,Pafos,2748,20,5,34.13,181,53.28,31.02,2.36,19,0.53,3,0.1,81,41.98,24.691,30.0,42.86,27.91,5.08,45.16,32.14,68.58,52.98,90.32,66.67,73.47,30.77,41.94,56.52,53.19,33.33,82.19
123,Guilherme,Goiás,2501,10,3,45.17,174,51.53,36.54,2.54,7,0.27,1,0.04,51,39.22,19.608,15.0,14.29,16.0,2.87,47.44,45.5,81.51,72.63,95.56,83.44,85.94,58.49,47.62,74.63,42.47,42.31,76.06
124,Diogo,Coritiba,1626,4,1,37.33,194,51.11,44.53,2.55,4,0.31,1,0.06,28,42.86,14.286,25.0,50.0,22.73,2.05,37.84,25.13,75.97,57.89,87.5,75.28,81.45,36.36,66.67,66.67,39.29,100.0,65.71
125,Diego Oliveira,Tokyo,2617,14,1,35.28,179,61.04,34.93,1.65,12,0.32,4,0.14,58,37.93,24.138,36.36,30.0,41.67,3.44,60.0,31.94,76.35,66.18,87.74,78.34,79.22,26.67,33.33,64.15,64.58,36.36,77.05
126,Cléber,Ceará,466,1,0,31.65,199,25.71,45.45,0.77,1,0.59,1,0.19,15,40.0,6.667,40.0,50.0,0.0,1.55,37.5,25.58,82.56,76.47,90.32,78.95,87.01,40.0,100.0,75.0,57.14,0.0,90.0
127,Emerson Deocleciano,RFS,3329,9,10,45.47,174,56.36,44.74,2.41,9,0.39,0,0.0,127,42.52,7.087,37.25,37.93,33.33,8.08,57.53,45.23,81.87,75.0,94.3,82.39,87.08,55.91,51.92,70.48,70.09,43.33,91.83
128,Ademilson,Machida Zelvia,1626,9,2,40.33,176,50.0,23.81,1.38,7,0.49,0,0.0,56,35.71,16.071,50.0,37.5,55.56,3.54,53.13,43.86,76.64,58.77,93.08,79.58,78.71,66.67,16.67,60.53,65.91,27.27,80.0
129,Pablo,Athletico Paranaense,3241,13,4,33.14,185,47.46,34.78,2.34,13,0.32,1,0.03,76,36.84,17.105,41.18,33.33,40.0,1.29,48.89,32.47,81.52,64.29,91.67,86.72,83.47,65.96,42.11,73.26,54.17,38.89,77.17
130,Paulinho Bóia,América Mineiro,815,1,1,38.0,171,42.5,41.18,1.76,1,0.11,0,0.0,8,50.0,12.5,42.86,28.57,57.14,7.33,54.0,39.29,75.41,57.14,90.2,79.03,78.98,66.67,0.0,69.23,38.89,0.0,73.33
131,Cesinha,Daegu,2457,12,6,38.51,177,49.47,14.63,1.54,9,0.24,2,0.07,84,40.48,14.286,44.44,52.17,36.36,4.36,51.26,39.72,81.3,74.67,94.12,81.82,85.55,63.75,50.0,73.72,60.71,45.83,81.38
132,Lucas Barbosa,Coritiba,1227,4,0,43.32,193,56.62,43.37,3.67,4,0.21,2,0.15,21,47.62,19.048,15.79,18.18,12.5,2.64,44.44,32.58,67.42,56.14,87.3,66.67,73.93,47.06,20.0,46.94,45.0,45.45,65.57
133,Robson,Coritiba,2860,8,4,41.73,175,54.87,36.84,2.74,5,0.32,1,0.03,51,45.1,15.686,30.77,16.67,34.21,2.86,53.85,41.09,68.93,55.73,87.9,68.39,76.4,30.0,40.0,54.32,41.43,27.59,64.41
134,Edu,Coritiba,959,5,1,32.03,181,50.0,34.88,1.31,5,0.29,1,0.09,22,45.45,22.727,33.33,50.0,0.0,1.97,33.33,24.19,67.5,56.52,82.86,77.27,70.14,57.14,16.67,50.0,45.0,16.67,74.07
135,Léo Ceará,Cerezo Osaka,2695,11,4,33.41,178,57.89,37.25,1.47,9,0.39,6,0.2,85,36.47,12.941,20.0,27.27,7.69,2.97,44.94,30.81,73.86,63.96,88.1,76.88,77.35,66.67,30.0,62.26,41.18,28.57,73.21
136,Léo Bonatini,Atlético de San Luis,1937,9,1,31.27,185,61.82,27.71,1.86,9,0.27,1,0.05,45,40.0,20.0,10.0,0.0,14.29,2.46,47.17,29.15,77.38,59.21,94.0,80.36,79.71,63.16,16.67,64.1,46.15,20.0,68.0
137,Fabinho,Criciúma,3242,13,2,36.12,180,53.78,29.29,1.2,11,0.26,1,0.03,73,35.62,15.068,14.29,0.0,16.67,2.94,45.63,34.12,81.66,68.07,90.24,83.65,85.28,56.67,47.62,75.31,59.38,41.18,77.42
138,Dodô,Atlético GO,1549,3,2,38.52,176,40.58,29.03,2.03,2,0.21,0,0.0,33,24.24,9.091,37.5,25.0,43.75,1.98,47.06,39.82,76.81,63.74,91.53,75.98,81.89,64.44,40.0,71.43,50.0,37.5,81.91
139,Luiz Fernando,Atlético GO,4349,19,7,40.18,178,51.96,28.19,2.17,18,0.36,6,0.12,113,40.71,16.814,32.08,35.48,27.27,3.27,49.37,44.22,80.44,64.19,94.49,80.07,84.66,55.32,36.84,69.7,55.95,44.44,80.0
140,Dyego Sousa,Alcorcón,811,2,1,40.97,189,59.38,46.05,1.66,2,0.32,0,0.0,18,38.89,11.111,50.0,66.67,50.0,3.88,60.0,34.59,77.19,71.15,92.0,72.09,79.38,40.0,71.43,72.0,63.16,71.43,84.62
141,Juan,São Paulo,1440,4,1,41.32,176,55.84,30.51,1.96,4,0.23,1,0.06,20,50.0,20.0,27.27,16.67,26.67,2.71,46.51,36.17,81.74,78.26,92.73,75.79,85.71,81.82,50.0,64.71,60.0,50.0,85.19
142,Flamarion,Dinamo Batumi,3154,20,4,46.04,171,59.57,38.1,1.64,18,0.41,3,0.09,69,53.62,26.087,30.77,36.36,0.0,3.14,52.34,44.53,86.52,77.68,93.0,88.97,88.12,54.17,18.18,81.2,67.39,36.36,87.5
143,Leonardo,Zhejiang Professional,2765,20,4,36.6,180,58.02,25.71,0.94,18,0.48,3,0.1,87,54.02,22.989,35.29,33.33,33.33,2.54,48.72,36.58,73.7,66.01,92.11,74.62,77.63,50.0,40.91,68.85,58.33,40.0,83.58
144,Igor Torres,Ponte Preta,844,2,1,36.81,182,40.3,37.93,2.03,2,0.4,0,0.0,24,33.33,8.333,40.0,33.33,42.86,3.31,58.06,37.5,75.18,60.87,94.44,70.59,78.23,66.67,0.0,88.89,40.0,0.0,50.0
145,Deyverson,Cuiabá,3186,15,0,38.13,189,46.48,47.25,1.92,12,0.37,5,0.14,75,54.67,20.0,29.17,16.67,66.67,2.01,33.8,31.09,64.8,49.01,87.18,64.29,67.0,56.0,33.33,57.14,34.04,25.0,68.06
146,Gilberto,Cruzeiro,3112,10,3,35.86,178,52.38,33.54,1.16,9,0.36,3,0.09,78,41.03,12.821,29.17,33.33,25.0,1.3,53.33,32.16,78.42,66.3,92.31,78.1,81.05,71.43,16.67,69.57,62.07,50.0,77.55
147,Fábio Gomes,Juventude,636,1,0,32.32,193,52.17,38.46,1.42,1,0.19,1,0.14,8,25.0,12.5,16.67,0.0,25.0,1.84,23.08,15.38,74.71,73.68,81.48,76.19,79.49,66.67,0.0,71.43,60.0,100.0,72.73
148,Ivonei,Botafogo SP,839,0,0,45.79,175,53.85,31.25,1.29,0,0.18,0,0.0,21,23.81,0.0,0.0,0.0,0.0,1.82,35.29,44.74,89.21,72.88,96.05,94.12,91.12,66.67,0.0,80.65,58.33,20.0,76.0
149,Thiago,Club Brugge,3786,22,4,34.64,188,50.87,40.09,1.76,20,0.48,8,0.19,102,49.02,21.569,12.5,11.11,14.29,2.66,47.32,24.75,72.26,48.25,89.12,68.69,76.09,28.13,31.25,41.79,51.16,22.22,59.26
150,Rildo,Portimonense,1358,4,1,34.74,178,45.88,18.18,1.52,2,0.29,0,0.0,27,40.74,14.815,33.33,35.71,25.0,4.04,39.34,36.49,75.19,65.43,90.91,67.61,79.41,57.14,40.0,70.97,44.83,45.45,75.0
151,Régis,Guarani,1722,2,3,36.93,171,40.86,15.15,1.57,1,0.18,0,0.0,25,28.0,8.0,52.38,55.56,50.0,2.4,50.0,34.81,83.0,77.92,92.41,85.19,85.59,71.43,28.57,80.9,61.22,22.22,88.31
152,Léo Jabá,Estrela Amadora,1618,6,4,45.5,178,54.65,45.0,1.84,5,0.3,1,0.06,35,37.14,17.143,33.33,36.67,27.78,5.78,57.69,40.49,68.21,64.77,88.14,67.24,76.95,15.79,38.46,56.76,51.02,25.0,76.47
153,Welinton Júnior,Gangwon,1937,4,0,37.16,175,43.59,31.11,1.35,3,0.37,0,0.0,72,29.17,5.556,22.22,14.29,27.27,3.58,41.56,38.21,72.84,64.71,91.67,66.27,76.3,50.0,20.0,68.18,45.0,33.33,76.92
154,Guilherme Schettine,Ural,1597,6,3,37.7,184,61.67,46.09,1.58,6,0.39,2,0.11,45,51.11,13.333,31.25,33.33,30.0,2.99,45.28,24.86,73.06,50.62,84.62,78.7,77.78,45.16,27.27,50.0,48.28,16.67,60.47
155,Luan,Grêmio,437,1,0,35.96,180,57.14,20.0,1.24,1,0.13,1,0.21,5,60.0,20.0,66.67,100.0,50.0,1.65,37.5,29.79,88.44,71.43,100.0,94.12,89.42,71.43,50.0,91.3,50.0,25.0,76.19
156,Adailton,Tokyo,1575,7,5,35.43,176,45.0,31.52,2.34,7,0.4,2,0.11,60,31.67,11.667,27.27,22.58,100.0,6.23,46.79,32.2,68.03,50.7,90.12,69.11,74.17,42.22,33.33,49.25,52.54,19.05,75.0
157,Bruno,Pafos,3114,9,4,41.9,180,59.12,24.49,2.14,9,0.29,0,0.0,65,44.62,13.846,23.26,22.06,29.41,4.6,51.57,38.27,73.23,59.19,90.45,70.41,78.42,54.55,28.0,59.3,49.58,33.33,79.19
158,Edigar Junio,V-Varen Nagasaki,823,3,0,33.58,174,66.67,25.68,1.42,2,0.34,1,0.11,16,50.0,18.75,75.0,100.0,66.67,2.84,42.31,32.0,80.95,66.67,82.81,83.33,82.28,50.0,0.0,66.67,44.44,50.0,73.68
160,Gabriel Poveda,Avaí,1583,8,0,26.28,183,38.89,20.39,1.02,5,0.35,1,0.06,40,52.5,20.0,50.0,40.0,100.0,1.88,51.52,27.01,75.94,63.89,89.06,67.65,77.84,58.33,0.0,61.9,52.63,33.33,78.26
161,Guilherme,Fortaleza,2124,7,4,49.23,178,65.96,45.95,3.36,4,0.31,0,0.0,47,42.55,8.511,23.33,25.0,14.29,6.07,56.15,45.83,74.06,53.91,90.07,78.74,82.89,42.86,57.14,68.0,50.75,35.71,77.5
162,Bruno Sávio,Bolívar,1654,6,3,39.71,184,60.29,30.0,1.77,6,0.24,0,0.0,35,45.71,17.143,35.9,33.33,50.0,4.59,51.43,36.25,74.8,69.92,88.79,70.99,79.29,57.69,42.86,60.38,48.98,30.77,81.67
163,Everaldo,Bahia,3405,15,3,32.02,182,43.66,38.92,1.03,10,0.45,0,0.0,83,50.6,18.072,35.48,40.0,30.0,1.95,38.57,23.51,70.53,60.27,89.42,72.79,73.57,58.33,33.33,61.11,55.81,27.27,73.53
164,Jonathan Junior,Kotwica Kołobrzeg,1367,6,1,30.06,173,42.31,20.34,0.99,3,0.35,0,0.0,28,35.71,17.857,26.67,16.67,25.0,3.19,62.22,34.62,75.0,70.0,95.74,68.52,80.84,28.57,33.33,73.91,52.94,0.0,65.0
165,Luvannor,Sheriff,2294,9,3,33.87,182,44.74,34.62,1.53,7,0.42,0,0.0,61,36.07,14.754,38.71,37.5,42.86,2.59,46.97,28.7,79.02,70.37,89.54,81.08,81.18,88.24,33.33,75.51,54.76,36.84,85.53
166,J. Tagueu,Ha Noi,2008,9,0,34.88,178,50.0,37.19,1.18,9,0.39,5,0.25,48,39.58,18.75,20.0,0.0,50.0,0.94,57.89,28.28,82.01,63.83,87.37,83.75,82.73,100.0,60.0,64.0,70.59,50.0,76.19
167,Ricardinho,Levski Sofia,2524,13,2,28.89,181,47.67,22.92,1.46,12,0.33,2,0.07,57,43.86,22.807,20.0,40.0,10.0,0.96,55.56,31.45,68.48,58.0,85.44,65.91,71.01,62.5,33.33,61.9,45.83,37.5,59.26
168,Jorginho,Sport Recife,3889,11,5,46.98,180,53.88,42.86,2.34,11,0.31,0,0.0,80,35.0,13.75,28.26,28.57,28.57,2.29,49.49,51.06,79.06,70.81,90.59,83.19,84.85,56.63,47.22,71.1,57.26,36.96,82.81
169,Bruno Nazário,Chapecoense,3178,10,9,41.06,178,49.71,30.28,1.61,7,0.26,0,0.0,71,43.66,14.085,32.39,28.26,41.67,2.95,52.88,41.93,79.02,67.43,92.67,79.73,85.04,56.12,29.41,67.74,46.74,29.03,86.79
170,Vinícius,Sheriff,645,2,4,36.18,174,52.94,23.08,3.07,2,0.35,0,0.0,16,25.0,12.5,30.0,0.0,37.5,5.3,44.74,36.05,83.75,80.43,93.33,86.05,87.67,75.0,70.0,86.96,83.33,72.73,86.67
171,Luan Dias,Santos,1935,1,1,42.98,181,49.69,12.5,1.81,1,0.05,0,0.0,20,30.0,5.0,27.27,18.18,36.36,4.09,53.41,41.7,80.38,69.73,89.74,85.88,85.47,47.37,38.89,75.26,47.22,31.82,76.92
172,Leonardo Rocha,Radomiak Radom,2446,11,2,40.52,200,46.15,47.69,1.8,10,0.45,4,0.15,83,46.99,13.253,28.57,33.33,25.0,2.58,54.29,35.82,59.77,51.97,74.42,63.92,61.54,45.45,12.5,53.03,28.0,22.22,89.66
173,Gustavo,Shabab Al Ahli Dubai,457,1,0,37.86,178,57.89,36.36,2.56,1,0.1,0,0.0,10,20.0,10.0,0.0,0.0,0.0,4.73,37.5,36.07,87.28,76.6,100.0,91.25,88.41,75.0,20.0,92.86,50.0,33.33,84.62
174,Cauê,Benfica II,2037,7,1,32.5,180,52.56,28.18,1.59,7,0.25,0,0.0,31,58.06,22.581,25.0,50.0,0.0,2.3,50.0,28.69,78.88,52.56,91.25,75.74,80.39,71.43,21.43,56.82,38.1,14.29,56.76
175,Rodolfo,Grêmio Novorizontino,750,3,1,34.43,175,60.0,26.67,2.28,3,0.39,0,0.0,22,45.45,13.636,28.57,30.0,27.27,3.48,58.62,34.02,68.79,62.07,97.06,64.0,79.82,30.77,75.0,53.33,50.0,100.0,80.0
176,Rafa Silva,Jeonbuk Motors,1449,5,1,32.42,179,52.17,21.43,1.61,5,0.35,1,0.06,44,38.64,11.364,0.0,0.0,0.0,2.92,51.06,32.17,82.33,64.62,93.33,86.81,87.23,14.29,42.86,66.67,33.33,37.5,73.68
177,Ganso,Fluminense,4052,5,7,44.72,184,47.65,36.84,1.77,4,0.1,0,0.0,32,43.75,15.625,48.28,16.67,54.55,1.03,51.16,45.6,88.48,81.08,96.29,90.3,90.42,46.43,48.84,81.52,60.83,33.33,83.15
178,Gabriel Ramos,Bucheon 1995,1462,2,4,38.29,184,55.66,28.57,3.26,1,0.31,0,0.0,33,27.27,6.061,23.08,50.0,0.0,3.26,39.62,34.13,77.08,68.9,87.41,80.0,79.32,47.62,38.89,72.22,40.82,33.33,78.57
179,Iury Castilho,Vitória,1303,4,1,44.02,183,56.06,35.06,2.0,4,0.19,1,0.07,30,26.67,13.333,21.43,14.29,42.86,5.04,61.64,45.0,74.9,70.69,87.93,77.78,83.17,61.54,33.33,78.26,37.5,40.0,78.13
180,Renan Oliveira,Sarajevo,2743,18,3,29.69,186,41.18,29.58,1.05,14,0.51,2,0.07,86,51.16,20.93,55.56,61.54,50.0,1.48,42.22,29.95,75.14,57.14,86.36,80.7,76.45,74.29,44.44,53.45,50.0,27.27,78.95
181,Felipe Pires,Dnipro-1,1349,1,0,38.93,178,40.63,0.0,1.07,1,0.1,0,0.0,18,33.33,5.556,30.77,44.44,0.0,3.34,56.0,44.03,86.51,78.21,95.28,91.22,89.0,50.0,0.0,90.0,52.63,33.33,71.74
182,Vitor Gabriel,Gangwon,3167,13,7,37.34,184,49.09,33.61,1.1,11,0.41,5,0.14,82,41.46,14.634,19.23,23.08,15.38,3.08,57.01,39.26,66.47,48.05,86.49,61.17,71.15,37.5,25.0,51.43,26.09,30.0,57.14
183,Ronaldo,Levski Sofia,3627,7,1,42.19,177,64.37,38.56,3.0,7,0.22,0,0.0,60,38.33,11.667,21.67,0.0,22.41,5.32,49.28,34.3,74.9,60.84,91.24,70.59,80.77,48.0,6.67,59.65,46.67,17.65,77.22
184,Tiago Alves,Fagiano Okayama,1485,6,1,27.29,181,35.59,21.35,2.12,6,0.42,0,0.0,56,32.14,10.714,20.0,14.29,25.0,4.79,37.97,30.53,58.24,44.0,82.86,58.33,62.18,50.0,33.33,36.36,52.38,75.0,52.38
185,Élvis,Ponte Preta,3028,4,8,38.75,175,47.47,24.44,0.71,3,0.26,0,0.0,47,34.04,8.511,54.0,56.0,50.0,1.55,57.69,36.79,79.79,65.63,93.65,89.2,85.11,64.21,53.66,73.28,62.5,45.59,89.52
186,Vinicius Mingotti,Bahia,2069,10,3,37.99,182,60.66,26.97,1.2,8,0.25,0,0.0,33,51.52,27.273,14.29,20.0,0.0,1.15,45.83,33.33,76.98,62.75,91.86,78.08,79.13,50.0,50.0,59.09,62.5,66.67,62.07
187,Fernando Karanga,Jinan Xingzhou,1370,6,1,37.86,189,59.46,36.28,1.18,5,0.59,3,0.2,40,60.0,15.0,20.0,25.0,18.18,5.78,40.91,34.67,68.14,50.0,80.0,74.03,71.21,81.82,20.0,60.87,47.37,20.0,82.76
188,Miguel Ferreira,Bashundhara Kings,1282,9,1,58.74,188,51.43,58.82,0.98,8,0.38,1,0.08,50,46.0,18.0,33.33,0.0,40.0,5.55,72.06,61.29,77.47,58.75,89.36,89.83,82.73,38.78,36.67,66.1,47.54,35.85,86.96
189,Maurides,St. Pauli,999,3,1,41.84,189,52.63,57.64,2.07,3,0.39,0,0.0,33,39.39,9.091,0.0,0.0,0.0,1.08,66.67,23.28,68.32,56.0,82.86,77.33,67.43,80.0,0.0,65.38,55.56,33.33,78.26
190,Neílton,Criciúma,430,2,1,41.44,166,54.55,12.5,1.67,1,0.34,0,0.0,8,62.5,25.0,22.22,33.33,16.67,4.19,30.0,33.96,77.09,64.15,91.18,78.43,83.77,43.75,100.0,66.67,44.44,57.14,72.0
191,João Carlos,Estoril,679,2,1,26.27,187,26.92,26.67,2.07,2,0.47,1,0.14,23,43.48,8.696,25.0,33.33,0.0,3.58,38.46,28.89,68.81,45.83,95.83,68.57,70.59,60.0,66.67,36.36,37.5,50.0,60.0
192,João Paulo,CRB,3571,6,2,42.68,169,51.05,24.64,1.42,5,0.22,1,0.03,83,39.76,6.024,29.41,39.13,20.0,3.43,51.54,43.56,83.39,75.07,93.6,84.3,87.67,63.0,44.44,76.4,54.87,33.33,87.17
193,Guilherme Dellatorre,Montedio Yamagata,1095,3,2,30.41,181,47.37,29.87,2.14,3,0.53,1,0.08,41,34.15,7.317,11.11,0.0,16.67,1.89,52.17,35.44,73.48,59.57,87.27,68.57,80.86,10.0,100.0,38.1,42.86,80.0,60.87
194,Lukian,Avispa Fukuoka,2857,5,3,38.59,183,50.88,31.0,1.92,3,0.23,1,0.03,50,40.0,10.0,21.95,22.22,19.35,3.47,50.91,38.58,73.13,55.56,86.26,72.37,78.31,61.9,14.29,65.91,46.15,14.29,66.67
195,Wesley da Silva,Qingdao West Coast,2169,4,3,33.53,188,59.46,33.74,1.99,4,0.2,2,0.08,34,35.29,11.765,38.46,50.0,36.36,2.74,42.42,30.36,73.05,52.31,92.05,70.0,76.06,33.33,0.0,60.0,61.54,0.0,70.97
196,Willyan,Seoul,1639,9,3,44.05,170,67.92,25.0,1.54,9,0.25,1,0.05,42,35.71,21.429,40.0,28.57,50.0,5.88,55.14,38.49,76.72,60.87,93.2,72.73,81.13,48.0,36.36,56.25,52.5,23.08,77.36
197,Erick,Juventude,2930,16,5,33.65,172,60.61,22.92,1.48,10,0.41,2,0.06,61,55.74,26.23,48.48,50.0,47.06,2.68,41.18,28.47,81.26,66.94,92.61,81.66,83.48,75.0,62.5,77.05,50.0,66.67,80.82
198,Denílson,Avaí,1335,4,1,34.88,188,51.72,36.04,2.49,4,0.22,0,0.0,23,34.78,17.391,25.0,0.0,50.0,2.29,41.18,32.68,78.29,60.66,90.79,82.76,79.77,81.25,50.0,52.38,42.86,50.0,68.0
199,Philippe Costa,Goiás,756,4,0,38.37,188,50.0,42.59,1.19,3,0.26,1,0.13,15,33.33,20.0,0.0,0.0,0.0,1.46,36.36,31.58,80.2,74.07,88.46,85.19,81.91,100.0,25.0,81.82,72.73,0.0,75.0
200,Bruno Costa,CRB,1434,4,3,45.73,182,55.17,30.77,2.26,4,0.22,1,0.06,22,40.91,18.182,37.23,31.03,40.0,8.79,50.71,44.6,63.12,62.75,89.47,62.5,77.49,44.44,50.0,55.0,49.37,0.0,85.71
201,Evandro,ABC,1689,1,4,41.39,174,47.92,42.15,2.34,1,0.13,0,0.0,28,46.43,3.571,11.76,18.18,0.0,5.28,51.52,46.32,69.08,53.47,89.89,64.2,74.6,27.78,33.33,43.59,48.57,30.0,71.43
202,Itaitinga,Sion,1246,2,2,44.75,184,64.29,55.56,2.74,2,0.24,2,0.14,24,29.17,8.333,22.73,16.67,30.0,5.42,54.67,38.5,76.04,50.77,94.67,69.23,81.18,53.33,27.27,53.85,55.56,27.27,71.43
203,França,Lokomotiv Sofia 1929,3228,6,0,37.42,172,55.61,17.82,2.32,5,0.15,2,0.06,53,39.62,9.434,31.82,38.46,25.64,5.59,56.41,37.94,64.52,63.16,85.14,64.34,71.18,50.0,100.0,83.33,50.79,50.0,69.86
204,Rodrigo Henrique,Meizhou Hakka,3195,5,7,45.7,178,57.89,27.06,1.8,5,0.17,0,0.0,54,38.89,9.259,28.43,28.89,28.57,8.93,61.2,46.84,76.31,68.55,90.73,75.56,81.77,62.71,33.33,65.35,54.13,35.48,86.5
205,Talles,Rukh Lviv,2288,4,3,36.62,172,55.26,32.43,2.2,4,0.21,0,0.0,55,34.55,7.273,28.57,40.0,20.0,2.52,50.0,27.36,82.86,74.78,92.5,89.22,87.45,53.85,50.0,80.0,46.3,18.18,75.65
206,Andre Clóvis,Academico Viseu,3710,27,0,32.64,186,46.09,34.13,1.82,23,0.62,6,0.15,141,42.55,19.149,23.33,30.77,18.75,1.77,47.95,28.3,68.33,51.3,87.77,69.5,72.6,56.52,42.86,53.23,45.45,37.5,76.36
207,Jajá,Tokyo,1877,3,1,44.51,175,59.63,26.09,2.88,3,0.24,0,0.0,51,49.02,5.882,36.36,35.71,37.5,5.47,59.65,44.56,69.42,62.89,85.94,72.04,78.66,40.0,25.0,70.0,48.39,18.18,68.63
208,Everton Galdino,Grêmio,1711,7,1,39.96,178,53.13,25.68,3.0,7,0.31,0,0.0,49,32.65,14.286,37.5,16.67,50.0,5.58,54.72,42.24,80.09,67.74,90.43,83.67,82.78,60.87,54.55,69.09,59.26,45.45,72.41
209,Clayton,Casa Pia AC,1944,8,0,31.04,184,39.02,32.75,1.44,8,0.36,3,0.14,58,39.66,13.793,12.5,25.0,0.0,3.19,50.72,29.54,77.6,50.0,91.21,87.32,81.6,25.0,66.67,65.12,50.0,40.0,57.69
210,Zeca,Pohang Steelers,2653,11,8,36.01,190,45.45,45.75,2.27,9,0.36,4,0.14,70,38.57,15.714,27.27,15.38,44.44,2.71,48.75,30.27,71.48,65.08,85.35,71.13,73.81,57.14,60.0,69.57,60.34,66.67,77.78
211,Bruno Mendes,Guarani,1427,7,0,38.74,184,60.0,41.49,1.39,6,0.32,1,0.06,27,59.26,25.926,0.0,0.0,0.0,1.7,48.15,31.07,75.6,61.76,92.06,72.55,78.06,83.33,66.67,71.43,50.0,75.0,55.56
212,Leandro Ribeiro,Daejeon Citizen,1474,5,7,40.14,178,72.97,28.3,1.53,4,0.2,1,0.06,21,52.38,23.81,31.43,33.33,30.0,3.79,58.06,37.66,71.88,51.61,84.75,73.91,75.91,65.22,77.78,38.89,53.33,50.0,65.91
213,Ricardo Lopes,Suwon,623,0,0,29.89,184,50.0,24.44,2.02,0,0.08,0,0.0,12,50.0,0.0,33.33,33.33,33.33,5.92,41.46,29.59,78.95,64.81,95.65,76.27,81.87,60.0,66.67,66.67,50.0,60.0,72.22
214,Tiago,Khorfakkan,1952,9,1,28.23,185,52.17,34.25,1.94,7,0.36,3,0.14,40,52.5,22.5,30.0,60.0,0.0,1.8,46.15,22.28,76.04,55.67,89.15,75.0,78.81,25.0,50.0,60.98,53.33,50.0,67.65
215,Bruno Lamas,Busan I'Park,2354,10,7,39.74,176,58.43,30.51,1.53,9,0.24,0,0.0,84,40.48,11.905,47.62,55.56,41.67,2.41,55.56,39.05,78.72,63.92,91.79,84.18,82.27,54.0,47.62,62.42,58.9,42.86,80.25
216,Richard,Chapecoense,1332,2,0,47.01,171,58.33,45.45,0.88,2,0.24,1,0.07,44,36.36,4.545,31.43,21.05,43.75,4.86,54.17,48.04,72.01,56.06,90.67,71.88,78.09,62.5,0.0,51.85,48.39,0.0,66.67
217,Muralha,Al Arabi,3061,11,5,43.62,176,48.85,26.19,1.72,10,0.22,0,0.0,60,43.33,16.667,26.42,8.33,42.86,1.82,68.33,43.06,78.46,68.39,92.61,82.33,84.62,57.21,32.14,70.27,40.74,32.2,81.42
218,Felipe,Chengdu Rongcheng,2360,12,4,40.51,193,55.68,45.49,2.14,12,0.27,6,0.23,63,39.68,19.048,33.33,28.57,50.0,3.39,51.69,36.15,78.02,63.53,87.63,83.87,78.47,86.96,71.43,72.5,66.67,57.14,71.79
219,Wendel,Porto II,2158,6,4,37.66,180,56.96,35.96,1.92,5,0.3,0,0.0,38,44.74,15.789,21.88,5.88,40.0,3.17,51.32,33.48,74.87,63.45,90.58,73.33,79.17,50.0,33.33,61.9,54.17,38.1,88.24
220,Hernandes,Incheon United,2169,7,3,41.9,183,55.41,26.23,1.81,7,0.21,0,0.0,59,22.03,11.864,21.62,7.14,30.43,3.65,68.97,45.27,77.36,63.33,92.57,76.22,81.78,40.0,48.28,61.54,45.9,39.02,77.42
221,Neto,Chapecoense,882,3,0,49.02,178,53.62,55.17,3.67,3,0.31,0,0.0,25,60.0,12.0,55.56,60.0,50.0,1.53,46.67,43.75,80.18,63.64,94.44,87.5,83.57,57.58,0.0,61.7,43.75,7.69,66.04
222,Pablo,Famalicão,1294,2,0,38.08,184,56.84,35.23,2.5,2,0.16,1,0.07,19,31.58,10.526,20.0,0.0,20.0,3.34,62.5,32.83,84.49,79.07,88.31,85.48,86.34,71.43,50.0,77.27,60.0,66.67,87.5
223,Alvaro de Oliveira,Al Bataeh,1995,6,1,38.22,181,54.69,40.58,1.17,6,0.38,1,0.05,66,33.33,9.091,20.83,0.0,21.74,4.15,52.17,34.51,69.21,45.61,90.12,64.36,74.46,46.15,14.29,56.41,55.17,33.33,71.88
224,Heberty,Johor Darul Ta'zim,2913,16,4,45.59,172,56.0,40.74,1.02,12,0.37,0,0.0,93,39.78,17.204,45.45,33.33,58.82,2.66,54.65,44.74,85.08,72.61,92.53,91.35,88.01,65.31,41.3,74.75,61.22,36.84,87.27
225,Alan,Al Najma,642,0,1,38.32,175,50.0,41.67,2.1,0,0.08,0,0.0,12,25.0,0.0,28.57,0.0,33.33,3.36,29.17,32.14,72.28,52.73,91.89,76.92,76.54,43.75,25.0,65.22,30.77,0.0,86.67
226,Douglas Baggio,Grêmio Novorizontino,2823,7,5,43.43,172,58.33,32.62,1.56,7,0.31,1,0.03,66,34.85,10.606,26.58,30.77,25.76,4.94,57.42,46.34,74.37,74.7,90.76,71.36,81.49,31.25,42.11,72.31,44.74,31.82,81.82
227,Gabriel Xavier,Chapecoense,729,3,1,33.09,170,46.15,24.0,1.36,3,0.15,1,0.12,10,50.0,30.0,27.27,40.0,20.0,1.73,42.86,31.11,80.41,72.73,95.0,77.55,87.6,58.82,66.67,68.75,52.63,80.0,72.0
228,Rafinha,Blooming,2032,8,5,43.51,174,56.82,29.58,2.48,5,0.32,0,0.0,49,44.9,16.327,45.16,42.86,50.0,2.75,62.9,44.64,72.39,52.27,91.25,80.0,79.03,46.43,50.0,61.54,51.52,43.9,75.93
229,Marcinho,Sampaio Corrêa,2466,1,3,42.76,174,43.7,36.36,1.47,1,0.13,0,0.0,66,22.73,1.515,26.92,23.81,31.03,2.05,53.57,46.88,81.69,72.62,95.79,82.54,87.11,58.65,70.0,77.37,50.0,35.29,85.71
230,Maurício Garcez,Coritiba,2208,5,0,43.76,183,67.31,39.81,2.7,5,0.21,0,0.0,34,38.24,14.706,30.0,42.86,27.27,2.99,52.78,36.93,77.35,66.67,96.38,72.38,82.62,45.45,40.0,58.97,48.65,50.0,72.88
231,Juninho,Qarabag,2399,7,0,31.22,179,45.63,31.3,1.61,7,0.32,3,0.11,52,51.92,13.462,20.0,16.67,25.0,2.59,39.13,27.7,81.48,58.06,89.47,79.82,83.55,75.0,100.0,88.89,46.15,100.0,78.57
232,Rodrigo Varanda,América Mineiro,1446,2,1,38.75,180,57.14,28.3,2.07,2,0.2,0,0.0,34,35.29,5.882,40.0,40.0,40.0,3.94,55.93,36.59,82.21,73.56,89.77,81.74,85.47,37.5,0.0,70.73,66.67,0.0,66.67
233,Rivaldinho,Farul Constanţa,1759,3,3,35.53,187,51.72,35.65,1.43,3,0.31,1,0.05,43,39.53,6.977,11.11,0.0,14.29,0.87,23.53,31.21,71.7,62.86,86.14,61.29,73.2,66.67,42.86,66.67,41.67,20.0,63.33
234,Ai Kesen,Chengdu Rongcheng,1975,8,0,44.05,180,62.96,41.53,2.37,5,0.45,2,0.09,60,38.33,13.333,21.74,27.78,0.0,3.1,57.35,40.41,81.14,75.35,89.43,83.05,84.1,72.41,44.44,84.29,51.22,33.33,71.43
235,Bruno Oliveira,Seoul E-Land,1902,6,1,40.98,175,58.82,40.0,1.89,5,0.15,0,0.0,28,50.0,21.429,30.77,0.0,40.0,3.64,38.96,35.79,81.38,65.18,92.31,84.95,86.02,51.16,31.58,70.4,40.0,25.93,73.73
236,Matheus Cadorini,Ituano,1130,6,1,30.04,191,38.1,35.45,0.96,5,0.35,3,0.24,31,48.39,19.355,0.0,0.0,0.0,1.27,25.0,24.0,66.17,48.65,86.21,61.22,68.95,28.57,16.67,38.1,38.46,20.0,41.67
237,Marlyson,Figueirense,539,2,0,32.3,185,63.16,21.88,2.5,2,0.21,0,0.0,7,42.86,28.571,66.67,0.0,66.67,1.0,33.33,32.81,76.81,50.0,100.0,82.35,76.56,100.0,0.0,66.67,50.0,0.0,71.43
238,Yago Cariello,Gangwon,1617,2,2,37.38,187,55.56,40.49,2.23,2,0.51,0,0.0,44,27.27,4.545,0.0,0.0,0.0,2.0,38.89,32.24,72.0,43.86,85.71,80.3,72.76,50.0,0.0,50.0,30.0,0.0,44.44
239,Felipe Vizeu,Criciúma,2558,10,2,31.53,184,43.84,29.05,1.37,10,0.23,5,0.18,48,47.92,20.833,33.33,50.0,20.0,2.43,52.17,31.15,82.02,74.29,92.86,81.98,83.56,25.0,50.0,63.46,73.68,0.0,77.14
240,Alan Kardec,Atlético Mineiro,435,1,0,38.27,190,33.33,40.0,1.06,1,0.2,0,0.0,6,33.33,16.667,0.0,0.0,0.0,0.42,50.0,25.0,81.63,50.0,100.0,72.73,85.11,0.0,0.0,57.14,66.67,0.0,100.0
241,Arthur Sales,Lommel SK,1277,6,1,45.45,184,59.04,38.6,3.03,6,0.31,0,0.0,28,46.43,21.429,26.92,12.5,33.33,1.76,60.0,42.48,76.47,60.47,89.52,79.58,81.3,58.06,45.45,68.29,48.57,50.0,76.6
242,Bergson,Johor Darul Ta'zim,2878,39,5,38.54,181,48.65,42.42,1.44,31,0.87,8,0.25,192,40.63,20.313,12.5,7.14,22.22,4.38,49.29,39.07,79.97,65.96,91.89,76.65,82.68,57.14,15.79,65.52,51.72,19.05,86.27
243,Alisson Safira,Vitória Guimarães,1197,6,1,42.34,185,43.64,52.34,1.65,5,0.26,3,0.23,25,36.0,20.0,0.0,0.0,0.0,2.4,50.0,37.4,75.71,54.05,87.67,71.43,78.33,0.0,0.0,30.0,30.0,0.0,50.0
244,Fabrício Daniel,Sport Recife,1642,2,3,37.74,182,52.75,17.31,2.36,2,0.19,0,0.0,38,34.21,5.263,25.0,40.0,21.74,5.04,55.43,37.39,74.51,66.19,92.65,67.55,81.52,51.85,28.0,70.31,46.15,34.62,77.01
245,Renato Júnior,Viborg,1472,2,1,32.2,190,46.58,30.16,2.32,1,0.2,0,0.0,16,43.75,12.5,28.57,50.0,20.0,4.34,40.85,28.57,74.17,72.13,89.29,61.29,77.13,75.0,33.33,73.68,61.11,50.0,60.0
246,João Paulo,Kairat,2926,20,5,46.45,170,45.33,26.09,0.95,15,0.48,1,0.03,174,38.51,11.494,33.72,29.23,47.62,4.31,55.71,51.18,57.28,47.5,73.58,61.0,66.76,35.14,16.67,48.98,42.17,27.59,80.56
247,Pernambuco,Diósgyőr,1222,6,2,46.2,186,63.08,30.91,3.09,5,0.25,1,0.07,30,60.0,20.0,16.67,0.0,20.0,7.0,51.58,43.48,78.08,69.41,91.14,78.45,82.77,50.0,50.0,70.0,61.11,28.57,76.09
248,Hyuri,CRB,766,1,1,45.41,186,48.72,46.03,3.02,1,0.12,0,0.0,6,16.67,16.667,30.43,25.0,31.58,3.28,84.0,48.44,70.16,61.54,93.55,62.79,80.0,25.0,50.0,70.0,61.54,50.0,75.0
249,Caio Cruz,Radomlje,901,1,0,43.79,0,75.86,35.42,2.22,1,0.21,0,0.0,18,27.78,5.556,0.0,0.0,0.0,1.33,33.33,39.58,65.38,45.16,90.0,52.17,69.79,20.0,20.0,33.33,14.29,16.67,58.33
250,Matheus Jesus,V-Varen Nagasaki,3363,7,4,46.97,187,53.33,49.61,2.54,6,0.23,3,0.08,80,38.75,8.75,44.44,47.37,40.0,2.38,53.93,41.58,84.28,73.43,91.9,90.17,87.54,65.35,54.84,76.22,63.41,42.86,82.35
251,Saldanha,Partizan,4342,15,5,34.95,185,46.09,30.5,1.45,14,0.4,2,0.04,117,37.61,11.966,37.14,42.11,33.33,5.77,53.38,36.47,73.92,52.56,89.36,77.45,75.84,68.42,34.62,65.88,42.59,34.78,83.64
252,Derik Lacerda,Cuiabá,2052,1,1,43.79,191,49.46,44.8,1.71,1,0.14,1,0.04,33,27.27,3.03,14.29,14.29,14.29,3.68,59.52,46.3,77.57,68.63,82.54,78.75,81.97,33.33,75.0,71.43,26.67,40.0,57.14
253,Jean Patric,Vissel Kobe,1345,6,0,41.99,175,63.64,34.91,2.94,5,0.41,0,0.0,41,34.15,14.634,31.03,30.77,33.33,4.28,57.81,41.48,73.86,65.0,91.67,66.36,84.09,44.44,0.0,72.22,44.9,0.0,69.84
254,Tiago Orobó,Daejeon Citizen,2702,16,3,38.19,190,59.79,41.8,1.87,14,0.41,5,0.17,68,39.71,23.529,33.33,66.67,0.0,1.6,54.17,29.31,66.93,56.64,80.29,68.42,67.89,28.57,18.18,52.0,43.75,12.5,66.67
255,Brenner,Sporting Cristal,3013,15,4,35.41,182,51.65,27.71,1.11,12,0.36,2,0.06,52,51.92,28.846,28.57,0.0,50.0,1.14,42.11,35.96,79.58,59.09,92.41,83.95,80.97,70.37,21.43,66.18,50.0,25.0,73.91
256,Vander,Bangkok United,2400,5,4,43.04,176,55.07,30.3,1.24,4,0.21,1,0.04,45,31.11,8.889,34.09,33.71,36.59,10.65,48.24,44.74,70.67,67.5,90.76,69.97,82.1,65.0,47.83,68.29,55.26,44.44,88.72
257,Giovanni Augusto,Vitória,1891,2,2,49.86,175,66.67,36.67,1.81,1,0.11,0,0.0,28,32.14,7.143,34.33,34.38,35.29,2.81,59.32,48.3,81.69,74.64,92.66,81.19,88.4,52.0,28.57,79.04,47.42,34.48,82.28
258,Mateusão,Shabab Al Ahli Dubai,734,0,1,39.13,184,41.67,52.63,1.96,0,0.09,0,0.0,7,14.29,0.0,0.0,0.0,0.0,1.1,55.56,32.0,72.5,50.0,93.55,46.67,77.33,0.0,0.0,0.0,100.0,0.0,16.67
259,Henrique Almeida,Vila Nova,1348,4,0,31.76,177,53.73,23.66,1.8,4,0.42,1,0.07,43,37.21,9.302,16.67,0.0,20.0,1.0,60.0,30.48,75.74,66.67,90.91,75.36,80.45,66.67,33.33,68.97,42.86,0.0,61.9
260,Marco Túlio,Central Coast Mariners,2430,11,5,40.53,177,56.69,19.05,2.22,10,0.42,1,0.04,67,44.78,16.418,41.86,34.78,50.0,3.04,60.98,37.04,78.69,74.3,87.8,77.91,83.27,48.28,50.0,73.03,67.12,46.15,83.74
261,Danilo Alves,BG Pathum United FC,1790,8,2,37.69,187,54.46,35.82,2.77,7,0.46,1,0.05,60,38.33,13.333,30.43,20.0,38.46,4.73,46.81,33.22,78.82,60.2,91.34,78.74,82.29,58.33,33.33,66.04,44.12,36.36,73.47
262,Hamilton,Port FC,3293,16,5,43.37,191,57.46,53.82,1.89,14,0.34,6,0.16,68,50.0,22.059,0.0,0.0,0.0,1.12,41.46,33.09,83.08,67.81,95.08,82.04,83.73,78.95,58.33,75.0,69.23,50.0,76.56
263,Alan,Moreirense,2558,9,8,42.91,165,52.08,10.91,2.13,9,0.16,0,0.0,43,41.86,20.93,34.78,26.67,50.0,2.6,56.94,45.41,86.48,75.27,97.89,89.83,89.05,62.5,31.25,79.35,59.62,35.0,80.71
264,Marcelo Ryan,Yokohama,1495,4,1,30.49,188,52.63,28.57,1.69,4,0.43,0,0.0,48,33.33,8.333,16.67,0.0,33.33,2.35,38.46,26.97,72.03,54.72,87.72,71.43,73.68,50.0,0.0,60.87,75.0,0.0,51.61
265,Douglas Coutinho,Nam Dinh,1525,3,0,36.8,183,61.54,33.33,1.53,3,0.22,0,0.0,41,39.02,7.317,44.44,42.86,45.45,3.66,56.45,38.89,66.92,52.33,82.93,76.25,70.48,44.44,50.0,55.81,56.52,40.0,72.34
266,William Lira,Chonburi,1919,13,2,35.32,186,48.57,47.37,1.22,10,0.49,6,0.28,68,30.88,19.118,11.76,25.0,0.0,2.95,52.38,28.86,77.94,60.0,94.07,72.63,82.51,38.89,100.0,72.73,58.33,60.0,62.5
267,Felippe Cardoso,Casa Pia AC,884,6,0,30.53,187,48.65,26.0,2.34,5,0.39,1,0.1,24,41.67,25.0,33.33,100.0,20.0,4.89,54.17,29.49,79.56,74.19,96.67,76.47,82.81,25.0,60.0,77.78,40.0,33.33,62.5
268,Paulo Victor,Chaves,3872,10,1,40.97,180,56.06,33.59,3.74,10,0.22,2,0.05,57,45.61,17.544,23.21,19.23,26.67,3.21,57.97,42.01,70.57,51.85,91.87,72.11,75.04,50.0,0.0,55.38,40.43,25.0,61.36
269,Souza,Ponte Preta,4041,11,8,49.25,183,61.84,43.61,3.25,6,0.18,0,0.0,106,31.13,9.434,25.68,25.64,26.47,2.13,54.26,44.8,80.15,68.28,95.68,84.4,85.88,55.56,35.29,66.03,33.64,28.13,78.55
270,André Luis,Moreirense,2729,16,0,37.5,184,52.94,43.66,1.43,10,0.47,5,0.17,79,27.85,20.253,0.0,0.0,0.0,1.27,31.58,29.73,75.8,63.33,87.77,80.56,76.8,71.43,53.85,62.26,35.71,60.0,61.7
271,Daniel dos Anjos,Tondela,2465,5,3,37.82,183,52.0,42.79,1.72,4,0.29,1,0.04,49,40.82,10.204,25.0,0.0,27.27,2.45,40.3,31.9,72.28,67.39,82.79,68.66,73.72,66.67,42.86,71.11,45.45,50.0,60.71
272,Michel,Sport Recife,2474,11,4,43.57,187,48.13,53.25,3.09,10,0.3,2,0.07,55,52.73,20.0,30.0,28.0,25.0,4.55,51.2,38.34,81.38,70.62,93.63,80.53,86.09,45.65,55.56,77.38,62.5,40.0,84.48
273,Matheuzinho,América RN,1596,2,2,45.79,171,59.32,12.5,1.19,1,0.13,0,0.0,34,44.12,2.941,37.5,50.0,11.11,1.42,42.11,41.11,73.67,71.29,80.65,74.0,80.44,51.52,20.0,71.15,42.31,25.0,78.57
274,Waguininho,Avaí,1807,7,1,35.27,177,47.31,27.0,2.49,6,0.19,2,0.1,37,43.24,18.919,48.39,53.85,44.44,2.69,37.04,34.67,81.03,70.97,98.17,81.38,84.33,60.0,40.0,77.78,53.33,33.33,75.41
275,V. Matos,Partizani Tirana,1689,13,2,34.63,180,43.68,22.45,1.12,10,0.53,2,0.11,49,48.98,26.531,30.77,15.38,46.15,2.88,40.74,37.06,73.76,62.94,91.76,72.57,78.91,44.74,44.44,63.93,54.9,37.04,85.94
276,Vinícius Lopes,Santa Clara,438,0,0,35.0,180,42.31,39.47,2.05,0,0.12,0,0.0,10,10.0,0.0,0.0,0.0,0.0,4.93,37.5,26.98,85.14,73.33,95.0,89.47,87.5,0.0,0.0,60.0,100.0,0.0,100.0
277,Renan,Seoul E-Land,511,6,1,29.8,0,44.0,21.05,1.94,6,0.32,1,0.18,13,84.62,46.154,100.0,100.0,0.0,1.94,36.36,27.12,63.89,42.86,70.59,78.57,65.22,0.0,33.33,22.22,40.0,33.33,60.0
278,Popó,Suwon Bluewings,1206,7,0,26.12,190,39.02,31.37,2.24,7,0.56,2,0.15,30,53.33,23.333,28.57,20.0,0.0,2.91,56.41,22.94,83.54,65.0,94.12,82.35,89.19,50.0,0.0,100.0,57.14,0.0,81.82
279,Ytalo,Sampaio Corrêa,2440,9,0,38.07,181,54.93,30.57,1.59,9,0.34,1,0.04,40,57.5,22.5,33.33,0.0,50.0,0.33,66.67,45.45,81.8,55.0,93.06,85.44,83.99,38.89,50.0,74.42,61.54,50.0,64.29
280,Felipe Augusto,Operário PR,3238,12,3,35.5,182,51.72,39.58,1.74,12,0.27,0,0.0,103,41.75,11.65,24.69,24.56,25.0,4.09,46.04,31.44,69.74,62.9,88.08,67.37,78.75,39.22,57.14,62.86,45.71,36.36,77.66
281,Willen,Bangkok United,2563,19,3,37.23,184,53.19,38.24,1.33,14,0.67,6,0.21,87,45.98,21.839,30.0,28.57,33.33,1.86,50.94,35.44,83.25,67.54,92.57,88.44,85.15,42.86,54.55,81.82,48.28,33.33,72.55
282,Luiz Adriano,Internacional,3066,10,4,32.72,184,47.06,33.76,2.14,10,0.3,3,0.09,57,43.86,17.544,33.33,100.0,0.0,0.77,61.54,25.21,82.88,64.29,93.55,87.61,84.0,45.45,37.5,68.89,65.0,23.08,64.86
283,Willian Bigode,Athletico Paranaense,523,2,0,50.62,171,69.57,37.5,3.27,2,0.12,0,0.0,9,44.44,22.222,20.0,50.0,0.0,2.24,53.85,48.65,83.56,69.23,89.66,90.0,85.19,100.0,0.0,81.82,71.43,0.0,66.67
284,Claudinho,Pouso Alegre,722,0,0,36.26,167,66.67,10.0,1.15,0,0.18,0,0.0,23,30.43,0.0,100.0,100.0,100.0,2.56,35.0,25.0,82.76,69.41,94.74,91.49,85.54,41.18,33.33,75.0,54.55,14.29,76.09
285,Bruno Marques,Marítimo,511,3,0,40.46,193,58.97,40.43,1.64,3,0.69,1,0.18,21,38.1,14.286,0.0,0.0,0.0,2.19,41.67,29.51,76.24,33.33,93.1,78.95,78.95,50.0,50.0,50.0,50.0,0.0,50.0
286,Vinícius Tanque,Melilla,1147,0,0,32.45,183,46.51,32.12,1.88,0,0.11,0,0.0,15,53.33,0.0,28.57,66.67,0.0,1.57,55.0,27.97,71.36,58.14,86.15,73.21,76.24,18.18,50.0,60.0,70.0,60.0,66.67
287,Saulo Mineiro,Ceará,827,1,0,30.57,184,44.12,19.57,1.2,1,0.21,0,0.0,23,43.48,4.348,22.22,0.0,33.33,2.83,57.69,31.4,73.27,70.59,82.35,61.11,77.27,100.0,0.0,80.0,45.45,0.0,100.0
288,Ryder Matos,Perugia,925,1,1,41.39,180,59.52,14.29,1.36,1,0.09,0,0.0,11,36.36,9.091,13.79,13.33,14.29,5.16,67.92,46.95,79.7,74.58,95.0,75.0,88.41,50.0,25.0,71.43,27.78,25.0,82.61
289,Welthon,Torreense,1495,12,0,41.6,180,44.0,37.78,1.15,8,0.64,4,0.26,42,42.86,26.19,28.57,20.0,33.33,3.97,61.29,43.65,69.31,54.17,79.59,75.93,74.07,46.67,50.0,68.0,44.44,60.0,82.14
290,Raúl Asencio,Potenza,782,0,2,35.88,185,56.67,40.83,1.5,0,0.11,0,0.0,7,57.14,0.0,33.33,0.0,33.33,0.81,71.43,25.0,69.03,57.69,76.0,72.73,70.75,50.0,75.0,75.0,57.14,66.67,69.23
291,André Felipe,Ponte Preta,941,2,0,36.75,184,56.1,36.36,2.01,1,0.25,0,0.0,13,53.85,15.385,33.33,100.0,0.0,2.2,43.48,31.37,80.95,66.67,88.64,83.93,83.33,33.33,33.33,63.16,66.67,50.0,63.64
292,Dennis Murillo,Lamphun Warrior,917,5,1,42.39,184,42.86,53.45,1.47,3,0.56,0,0.0,28,53.57,17.857,33.33,25.0,100.0,1.08,45.45,39.44,76.92,74.0,97.22,74.07,80.65,72.73,100.0,64.29,64.29,100.0,76.19
293,Nathan Fogaça,San Antonio,955,3,5,31.99,178,48.98,35.14,1.79,3,0.21,0,0.0,23,39.13,13.043,33.33,0.0,36.36,3.86,39.02,26.45,77.27,67.44,92.98,77.36,80.9,62.5,100.0,65.0,66.67,66.67,86.96
294,Jefferson,Bali United,2670,19,2,36.09,185,47.44,38.73,1.83,16,0.58,5,0.18,73,47.95,24.658,36.84,33.33,44.44,3.33,44.09,32.45,72.65,57.33,88.14,69.16,75.67,52.94,22.22,60.61,50.0,25.0,72.09
295,Rômulo Souza,CRB,1389,2,2,39.88,175,60.29,39.29,2.2,2,0.24,0,0.0,26,34.62,7.692,39.13,44.44,38.46,3.43,43.4,34.64,80.06,67.5,95.56,81.25,84.84,52.63,40.0,74.29,53.13,37.5,84.0
296,Lucas Ribamar,Náutico,1784,6,1,31.92,184,40.48,29.28,0.96,6,0.29,1,0.05,41,36.59,14.634,28.57,33.33,0.0,1.36,33.33,33.05,71.35,45.65,88.89,74.36,73.56,50.0,20.0,64.71,11.11,25.0,61.54
297,Felipe Ferreira,Chapecoense,1534,2,1,40.59,186,52.63,24.14,1.58,2,0.14,1,0.06,39,25.64,5.128,40.0,44.44,38.46,2.82,58.33,42.45,79.85,68.54,95.52,83.14,85.25,65.71,40.0,76.19,51.06,37.5,75.0
298,Matheus Aias,Moreirense,1510,2,0,37.08,176,66.0,31.19,1.58,2,0.24,0,0.0,37,62.16,5.405,9.09,0.0,33.33,3.47,59.65,38.0,66.94,55.81,75.56,67.42,71.77,50.0,20.0,48.0,44.44,14.29,60.87
299,L. da Silva,Melgar,659,1,0,37.61,179,60.0,52.17,2.63,1,0.21,0,0.0,13,23.08,7.692,33.33,40.0,0.0,5.53,40.0,28.0,78.09,64.62,85.42,81.58,79.57,73.33,0.0,76.47,45.45,40.0,72.5
300,Tomás Bastos,Chapecoense,3028,8,5,39.69,175,53.93,21.67,2.33,5,0.24,1,0.03,78,38.46,10.256,38.78,43.9,14.29,0.93,60.0,29.93,80.86,69.2,96.43,83.87,86.8,53.13,17.65,66.88,49.23,36.36,80.63
301,Pedro Henrique,Radomiak Radom,2718,13,3,37.9,188,51.19,44.04,1.34,12,0.54,4,0.13,73,38.36,17.808,57.14,33.33,66.67,1.07,46.88,28.71,72.46,60.0,83.96,76.09,73.22,62.5,42.86,75.68,33.33,42.86,65.0
302,William Barbio,Londrina,2263,7,1,35.73,176,58.67,20.87,1.73,6,0.18,3,0.12,34,44.12,20.588,26.32,25.0,28.57,1.81,59.09,37.98,82.1,64.93,94.64,84.58,84.41,75.0,33.33,77.78,45.83,64.29,83.52
303,Bruno Baio,Retrô,874,6,1,40.76,197,29.41,49.41,1.26,2,0.58,1,0.11,22,45.45,22.727,40.0,33.33,50.0,1.03,33.33,37.14,73.37,50.0,88.0,76.09,75.64,50.0,60.0,78.57,58.82,0.0,69.57
304,Júnior Pirambu,Campinense,621,1,0,26.45,183,30.77,27.69,0.91,1,0.33,1,0.15,10,20.0,10.0,0.0,0.0,0.0,1.07,57.14,29.09,76.79,66.67,90.0,61.54,80.77,50.0,0.0,85.71,0.0,0.0,66.67
305,Rodrigo Rodrigues,ES Tunis,3751,15,3,35.66,191,49.46,37.07,1.43,11,0.43,2,0.05,89,40.45,16.854,23.08,75.0,0.0,1.31,52.94,33.91,78.23,60.19,90.96,71.55,80.68,38.46,28.57,65.31,40.74,50.0,65.96
306,Geovane Magno,Viettel,836,2,1,41.76,0,65.0,50.0,2.05,2,0.19,0,0.0,26,34.62,7.692,16.67,0.0,33.33,3.66,50.0,39.62,79.57,65.45,96.08,85.19,83.1,56.25,40.0,70.37,56.25,40.0,84.62
307,Rangel,Kolos Kovalivka,406,3,0,34.13,185,68.0,31.43,3.33,2,0.56,1,0.22,13,53.85,23.077,25.0,0.0,25.0,0.67,33.33,18.6,85.34,66.67,100.0,94.74,87.96,75.0,0.0,80.0,100.0,0.0,63.64
308,Jenison,Grêmio Novorizontino,1805,1,3,36.45,186,60.32,37.14,2.14,1,0.19,1,0.05,35,22.86,2.857,38.46,50.0,20.0,1.5,56.67,26.92,74.3,61.9,85.94,70.0,77.01,45.45,0.0,72.41,52.63,0.0,67.65
309,Renan Gorne,Portuguesa,1094,4,3,34.57,182,63.64,33.68,1.15,4,0.33,2,0.16,32,40.63,12.5,71.43,100.0,50.0,1.73,23.81,25.49,82.63,68.0,87.5,90.24,83.44,66.67,0.0,66.67,85.71,0.0,64.29
310,Tiago Reis,Botafogo PB,452,1,1,25.93,184,38.89,11.11,0.83,1,0.14,0,0.0,6,50.0,16.667,0.0,0.0,0.0,1.25,66.67,34.62,70.69,46.15,93.75,78.57,71.7,60.0,0.0,57.14,0.0,0.0,66.67
311,Elivelto,Anagennisi Karditsas,2128,4,1,45.16,170,64.23,24.32,2.56,4,0.14,0,0.0,28,53.57,14.286,36.92,39.22,25.0,7.6,52.91,42.42,77.55,65.05,91.63,78.72,83.18,54.17,47.62,77.91,51.32,47.83,75.65
312,Jael,Avaí,1721,7,0,39.47,186,48.0,42.74,0.94,6,0.27,4,0.21,28,39.29,25.0,40.0,33.33,50.0,0.78,46.67,36.13,68.75,48.05,87.04,74.03,71.2,44.44,30.0,46.15,34.48,25.0,86.36
313,Ciro,Persib,2896,12,3,44.3,175,62.5,40.58,1.27,12,0.21,0,0.0,83,43.37,14.458,26.27,3.7,32.97,7.15,49.57,44.64,60.75,58.09,86.21,53.3,71.98,38.46,36.36,48.98,38.37,28.57,87.34
314,Diego Maurício,Odisha,2272,18,6,34.86,183,63.79,27.59,1.21,12,0.6,1,0.04,80,42.5,18.75,19.05,11.11,25.0,4.05,53.61,31.89,74.63,58.06,92.38,80.0,78.34,52.17,44.44,69.09,55.88,41.67,76.92
315,O. Batista Meier,Verl,836,4,4,37.23,178,52.0,38.46,2.69,4,0.21,1,0.11,14,57.14,28.571,38.1,50.0,35.29,4.52,42.86,33.02,78.06,66.22,90.48,78.82,83.13,46.67,28.57,70.59,50.0,25.0,76.0
316,Marcus Vinicius,Atlético Huila,2740,12,1,40.71,188,51.88,36.11,2.43,10,0.2,2,0.07,74,39.19,16.216,38.46,37.5,40.0,4.83,52.38,38.82,80.42,68.33,87.65,83.26,84.15,50.0,27.78,66.23,49.12,35.0,76.86
317,Thiago Bezerra,Al Orubah,2983,19,2,39.12,178,49.33,39.49,0.93,14,0.51,1,0.03,75,40.0,24.0,33.33,40.0,28.57,3.67,45.79,36.7,77.86,56.9,89.43,81.62,80.99,74.36,40.0,56.41,68.0,28.57,78.95
318,Dudu,JEF United,1661,13,4,41.83,180,62.5,28.46,2.28,11,0.4,2,0.11,52,40.38,25.0,32.35,38.1,25.0,3.52,61.54,46.55,69.53,57.73,86.87,68.1,74.4,43.48,25.0,51.35,44.44,20.0,65.96
319,Rodrigo Da Costa,Memphis 901,3361,14,5,39.97,183,62.22,31.41,2.14,13,0.3,1,0.03,70,42.86,18.571,32.56,27.59,38.46,2.33,49.41,38.21,72.8,54.32,91.2,72.3,76.68,41.27,35.42,53.98,53.41,34.43,65.83
320,Gabriel,Mirassol,3883,6,3,44.79,178,55.63,32.18,2.09,4,0.13,0,0.0,49,30.61,12.245,48.0,47.06,48.78,1.6,56.52,46.67,84.86,75.7,95.1,87.24,88.48,65.38,31.25,77.08,56.03,47.73,80.06
321,Vinícius Araújo,Imabari,1284,0,0,37.35,175,54.0,31.11,1.75,0,0.6,0,0.0,34,41.18,0.0,18.18,20.0,16.67,2.38,61.76,38.26,71.31,53.06,82.35,75.61,74.41,68.18,30.0,67.86,36.0,27.27,69.23
322,Pedro Lucas,Olimpija,2968,6,2,39.82,185,48.21,43.4,2.23,6,0.22,3,0.09,63,44.44,9.524,31.82,100.0,30.0,1.02,63.64,34.32,79.3,66.44,92.12,77.01,81.68,52.94,36.36,69.57,51.28,36.36,66.67
323,Sandro Lima,Manisa F.K.,1634,6,2,29.38,186,29.17,31.37,1.49,6,0.31,0,0.0,38,28.95,15.789,80.0,66.67,100.0,1.87,26.47,28.47,82.44,61.43,91.3,86.33,84.14,43.75,25.0,63.64,52.17,14.29,67.74
324,Samuel Rosa,Prachuap,3034,17,6,45.0,186,64.65,47.59,1.31,13,0.5,5,0.15,83,38.55,20.482,39.34,40.91,35.29,5.58,53.72,42.11,76.32,71.43,91.02,68.1,82.16,60.53,28.57,70.59,52.56,41.18,88.16
325,Nicolas,Ceará,3333,13,1,37.77,180,57.63,42.99,1.43,12,0.33,4,0.11,55,45.45,21.818,50.0,66.67,0.0,0.73,38.46,28.32,79.96,66.27,89.29,81.76,80.4,73.33,25.0,80.95,56.52,50.0,60.0
326,Lucca,Lamphun Warrior,1742,5,1,40.8,178,56.16,29.73,2.07,4,0.19,1,0.05,27,33.33,18.519,25.0,27.27,25.0,2.32,53.33,40.67,74.62,58.49,84.55,76.0,79.45,50.0,0.0,60.71,60.0,0.0,70.97
327,Alisson Farias,Chapecoense,2520,4,0,43.8,171,60.49,15.79,1.71,3,0.16,1,0.04,52,26.92,7.692,40.0,47.06,15.38,4.25,54.62,46.86,80.89,73.27,93.57,82.66,86.02,70.77,52.94,75.82,59.76,45.0,89.92
328,Brenner,Khon Kaen United,1291,5,4,37.97,182,40.0,31.58,0.91,4,0.44,2,0.14,48,45.83,10.417,22.5,21.05,25.0,5.86,57.14,38.18,76.36,63.33,87.8,81.31,85.32,71.43,25.0,67.57,32.14,57.14,90.63
329,Hêndrio Araújo,Nam Dinh,2265,8,2,42.45,181,55.1,41.54,2.34,6,0.23,1,0.04,59,33.9,13.559,28.0,32.0,24.0,5.4,50.0,39.69,80.0,73.51,94.94,77.25,86.09,47.83,51.61,69.23,56.04,48.65,87.26
330,Rafaelson,Nam Dinh,2462,16,0,43.34,185,50.79,51.08,1.13,13,0.49,4,0.15,112,33.93,14.286,34.48,50.0,34.62,3.98,54.13,41.07,74.88,62.16,84.62,81.22,79.58,48.21,50.0,70.59,57.38,39.29,80.9
331,Herlison Caion,Ha Noi,2593,16,5,35.18,184,39.06,41.43,0.9,13,0.46,6,0.21,85,34.12,18.824,26.32,37.5,18.18,3.02,45.98,29.96,68.44,52.87,87.27,66.32,71.35,44.44,25.0,63.04,48.57,26.67,82.5
332,Anderson Ceará,Santa Cruz,927,1,2,48.13,173,50.0,27.27,2.02,1,0.12,0,0.0,25,28.0,4.0,25.0,11.11,66.67,4.94,63.64,50.98,82.22,72.0,92.73,84.85,85.86,68.57,40.0,75.81,50.0,53.85,82.69
333,Jonathas,Inter de Limeira,710,1,0,37.67,192,63.16,43.43,1.65,1,0.25,1,0.13,13,38.46,7.692,0.0,0.0,0.0,1.77,21.43,23.38,75.81,60.0,81.82,71.43,76.47,100.0,0.0,50.0,20.0,0.0,71.43
334,Daniel Bahia,Plaza Colonia,471,0,1,32.73,185,66.67,36.73,1.34,0,0.21,0,0.0,6,16.67,0.0,33.33,50.0,0.0,2.48,23.08,14.04,63.33,60.71,93.75,67.86,65.43,57.14,66.67,50.0,44.44,66.67,69.23
335,Robinho,CSA,1260,2,0,35.91,176,50.0,39.34,2.16,1,0.16,1,0.07,24,29.17,4.167,17.65,40.0,8.33,4.25,38.6,35.51,80.65,75.76,97.1,71.43,85.71,80.0,33.33,76.92,46.15,50.0,77.27
336,Júnior Dutra,Figueirense,582,1,0,27.52,183,61.11,18.64,2.2,0,0.19,0,0.0,7,42.86,0.0,22.22,33.33,16.67,2.93,37.5,18.87,73.17,65.52,96.55,62.86,76.64,87.5,66.67,71.43,30.0,66.67,77.78
338,Jonathan Balotelli,Kedah,975,4,0,39.85,184,69.23,20.9,1.29,4,0.53,1,0.09,35,42.86,11.429,11.76,25.0,8.33,5.08,63.64,42.64,74.6,62.26,85.96,78.95,79.82,66.67,20.0,79.17,56.52,0.0,78.57
339,Yuri Mamute,Hai Phong,1190,8,1,37.5,177,39.29,25.0,1.35,5,0.57,3,0.29,29,44.83,17.241,100.0,0.0,0.0,3.28,58.82,37.16,79.1,60.71,91.53,83.72,79.43,0.0,0.0,71.43,77.78,0.0,57.14
340,Ibson,NorthEast United,1760,4,1,35.74,179,64.44,24.07,1.48,4,0.29,1,0.05,44,36.36,9.091,19.05,12.5,23.08,3.73,45.21,34.41,80.0,72.6,94.2,78.48,86.35,46.15,50.0,76.92,55.0,50.0,72.41
341,Felipe Amorim,Hyderabad FC,2052,8,3,34.21,176,50.55,24.66,1.84,8,0.36,4,0.18,71,45.07,11.268,34.69,25.0,44.0,3.99,48.35,34.69,70.92,58.59,90.63,65.65,76.05,57.89,32.0,60.71,52.63,34.48,78.57
344,Pablo Dyego,Ponte Preta,2574,9,3,42.95,174,61.19,40.66,2.64,7,0.41,1,0.04,73,43.84,12.329,30.19,31.43,26.67,4.02,52.25,39.14,77.39,72.58,90.58,72.53,82.82,62.86,50.0,81.63,42.55,50.0,74.68
345,Fernandinho,Marsaxlokk,1069,4,4,43.33,172,58.06,15.79,1.77,3,0.35,0,0.0,28,35.71,14.286,55.56,80.0,25.0,2.19,57.69,44.44,83.2,79.49,91.78,85.71,85.25,70.59,75.0,82.28,62.07,71.43,86.11
346,Thiago Santos,Krasava Ypsona,1331,6,2,44.04,179,58.49,41.38,2.03,6,0.19,0,0.0,13,76.92,46.154,47.62,43.75,75.0,1.35,50.0,39.76,84.1,67.48,92.86,85.14,86.94,46.67,25.0,68.09,57.14,16.67,71.19
347,Chrigor,Portuguesa,1982,7,2,37.89,183,63.86,35.71,2.18,4,0.36,1,0.05,47,46.81,14.894,19.44,19.23,20.0,4.63,50.0,33.6,63.69,48.45,84.62,65.77,73.83,32.35,25.0,45.83,31.82,25.0,73.47
348,Gustavo Santos,Rheindorf Altach,2297,10,4,41.49,177,42.48,40.37,2.12,8,0.39,3,0.12,68,45.59,14.706,34.88,36.36,35.0,5.02,58.59,42.89,66.57,58.67,85.45,60.31,72.24,47.06,33.33,59.52,61.54,28.57,85.71
349,Júnior Todinho,CSA,1918,6,2,34.42,182,52.38,36.96,2.53,4,0.33,1,0.05,40,52.5,15.0,30.0,50.0,20.0,2.21,46.81,28.57,76.62,63.93,88.52,80.36,78.16,57.89,60.0,69.57,66.67,58.33,65.15
350,Marcelo Moreno,Independiente del Valle,1534,5,0,32.58,187,46.67,34.04,1.13,5,0.42,1,0.06,49,34.69,10.204,40.0,33.33,44.44,0.95,18.75,24.32,77.66,54.55,90.16,83.05,81.76,33.33,0.0,57.89,40.0,0.0,75.0
351,Sassá,Amazonas,2608,16,0,30.5,174,41.33,20.51,0.49,13,0.42,3,0.11,66,45.45,24.242,11.11,16.67,0.0,2.01,59.65,31.15,80.69,63.64,93.67,80.33,83.33,100.0,0.0,66.67,60.0,0.0,69.23
352,Patrick,Dečić,3346,10,2,30.93,183,55.74,28.34,0.97,10,0.31,1,0.03,56,42.86,17.857,16.67,0.0,22.22,1.96,43.84,28.62,78.0,58.11,92.31,68.66,80.4,59.26,33.33,63.64,35.71,33.33,62.07
353,Léo Tilica,Al Najma,1851,2,1,44.19,172,58.93,20.83,3.21,1,0.17,0,0.0,23,26.09,8.696,30.56,40.0,26.09,3.35,59.42,44.7,84.17,74.01,96.9,88.03,88.96,48.65,25.0,72.83,60.87,33.33,81.52
354,Lucão do Break,Hai Phong,2491,14,5,39.18,184,55.43,50.88,1.63,14,0.45,4,0.14,98,39.8,14.286,27.27,25.0,28.57,3.22,43.82,32.72,73.55,46.43,88.19,77.7,76.51,52.38,40.0,68.49,40.0,25.0,80.39
355,Miguel Bianconi,Wilstermann,1131,2,0,44.17,191,57.14,43.48,1.19,1,0.15,0,0.0,23,34.78,4.348,37.5,0.0,42.86,2.07,65.38,44.25,81.42,59.52,88.37,84.75,84.3,33.33,0.0,58.33,33.33,0.0,71.43
356,Lucão,Al Khor,684,2,0,43.1,189,45.45,50.57,1.21,2,0.44,0,0.0,16,56.25,12.5,28.57,0.0,28.57,2.27,46.67,30.23,66.27,54.17,82.35,69.23,70.27,50.0,0.0,71.43,28.57,0.0,66.67
357,Conrado,FLC Thanh Hoa,1578,6,2,36.44,178,53.66,41.3,1.71,5,0.5,0,0.0,55,43.64,10.909,26.09,30.77,22.22,5.08,57.3,35.94,78.03,54.55,92.63,78.16,82.8,66.67,66.67,61.54,39.13,25.0,84.38
358,Bruno Mezenga,Santos,1466,8,0,38.13,185,48.48,41.38,1.47,8,0.26,4,0.25,40,50.0,20.0,40.0,50.0,33.33,1.04,47.06,24.39,72.57,50.85,90.14,72.58,74.77,53.33,37.5,60.87,40.0,28.57,47.37
359,Jorge Eduardo,Visakha,690,1,0,36.48,179,45.45,20.0,2.35,1,0.27,0,0.0,21,52.38,4.762,33.33,25.0,36.36,4.7,58.33,39.08,73.73,70.15,87.04,70.83,77.84,50.0,20.0,88.0,46.15,40.0,77.5
360,Rodrigo Maranhão,Nakhon Si United,3229,15,4,44.14,179,63.25,28.36,1.92,11,0.39,1,0.03,110,43.64,13.636,36.76,42.42,31.43,5.27,66.14,44.32,77.94,69.68,91.4,78.4,83.36,62.67,55.0,68.54,54.88,39.13,80.88
361,Thuram,Pendikspor,2770,11,1,33.14,183,50.0,28.87,1.2,11,0.31,5,0.16,58,46.55,18.966,16.67,0.0,18.75,2.21,44.12,30.22,79.97,61.02,87.34,81.46,81.61,72.22,14.29,65.38,45.83,12.5,74.0
362,Diego Carioca,Kolos Kovalivka,893,1,0,41.06,177,68.09,25.0,3.12,0,0.19,0,0.0,19,26.32,5.263,6.67,8.33,0.0,5.24,34.62,36.81,77.73,61.54,98.18,72.73,84.85,56.25,50.0,66.67,31.58,0.0,61.11
363,Gabriel Bispo,KuPS,2198,4,1,38.39,177,64.42,32.81,3.07,4,0.32,1,0.04,70,28.57,5.714,30.0,25.0,31.25,1.47,52.78,30.3,81.85,68.09,90.48,79.14,85.21,58.62,20.0,74.0,54.17,42.86,67.21
364,Tardeli,Port FC,2903,15,3,42.01,185,56.38,40.46,2.4,10,0.48,3,0.1,105,37.14,12.381,15.0,14.29,16.67,3.07,50.0,39.86,69.26,54.19,90.23,69.32,75.24,45.0,26.32,52.27,50.0,27.78,68.6
365,Jackson,İstanbulspor,2087,7,3,41.81,178,52.29,27.78,2.22,2,0.4,0,0.0,45,42.22,15.556,25.53,26.67,23.53,3.99,52.27,44.0,76.76,65.6,92.0,76.56,82.38,52.31,40.0,64.76,44.71,36.36,73.79
366,Léo Gamalho,Vitória,2476,12,2,40.5,188,50.0,42.69,0.97,8,0.41,4,0.15,55,38.18,21.818,53.85,75.0,44.44,0.67,44.44,38.79,84.74,77.45,93.08,80.87,86.76,61.11,42.86,78.57,62.96,33.33,78.0
368,Luiz Henrique,Brusque,578,0,1,48.48,171,61.36,46.67,3.27,0,0.08,0,0.0,13,23.08,0.0,22.22,100.0,12.5,2.8,50.0,45.0,87.12,79.07,98.41,91.09,90.53,72.73,100.0,89.29,30.77,60.0,82.98
370,Anselmo,Al Wehda,3440,6,1,44.11,182,53.25,38.39,3.24,6,0.19,1,0.03,70,30.0,8.571,30.77,33.33,27.27,4.21,55.28,42.06,84.06,69.15,96.0,88.79,88.72,57.26,41.38,66.84,49.23,35.71,79.02
371,Diego Souza,Sport Recife,738,3,0,33.77,186,40.0,40.0,0.85,3,0.22,2,0.24,11,54.55,27.273,40.0,66.67,0.0,1.22,40.0,26.32,77.39,62.0,90.48,86.21,79.57,50.0,28.57,72.41,52.63,29.41,78.95
372,Iago Dias,Londrina,1972,2,1,37.75,175,51.25,25.47,1.55,2,0.16,1,0.05,39,20.51,5.128,20.37,20.0,20.69,3.79,62.65,42.49,72.73,59.43,95.83,71.64,83.33,44.83,44.44,71.11,36.36,27.27,70.0
373,Zé Vitor,Londrina,1411,2,0,32.94,182,64.29,35.42,0.83,2,0.29,0,0.0,34,29.41,5.882,20.0,33.33,0.0,0.7,45.45,25.96,75.0,47.06,89.06,86.05,76.92,66.67,66.67,58.82,41.67,75.0,66.67
374,Jonny,Hamrun Spartans,1706,4,2,41.46,0,55.65,38.46,2.43,3,0.2,1,0.06,41,34.15,7.317,28.89,16.67,33.33,5.74,43.27,35.53,68.88,48.53,83.53,75.0,74.84,66.67,12.5,66.67,45.65,0.0,81.13
375,Jô Batista,Chaves,556,2,0,31.87,192,42.86,33.8,3.72,2,0.56,0,0.0,17,47.06,11.765,0.0,0.0,0.0,3.88,37.5,28.57,71.43,30.0,94.74,70.0,73.53,0.0,0.0,50.0,100.0,0.0,66.67
376,Dudu,Nacional,2798,6,3,36.89,179,53.64,31.33,2.64,3,0.32,0,0.0,48,47.92,12.5,30.77,25.0,33.33,3.18,49.49,35.23,83.5,70.79,92.66,85.19,86.43,88.89,0.0,73.08,43.48,0.0,73.33
377,Salatiel,Botafogo SP,2757,8,2,30.12,187,52.59,23.56,1.6,6,0.26,1,0.03,47,34.04,17.021,15.79,25.0,10.0,2.02,38.71,27.25,74.58,59.76,85.55,71.77,76.79,75.0,16.67,65.91,42.86,11.11,72.22
378,Juninho Rocha,Gimpo Citizen,1546,4,2,41.75,170,60.71,22.86,1.98,4,0.18,0,0.0,37,40.54,10.811,21.74,12.5,23.68,9.2,58.23,45.62,67.53,60.29,84.06,61.11,76.68,44.44,20.0,85.19,34.15,16.67,66.0
379,Crislan,Bhayangkara F.C.,2517,11,1,40.03,190,50.0,50.64,1.9,11,0.3,4,0.14,65,41.54,16.923,27.27,30.0,0.0,1.22,35.29,27.69,68.96,56.04,89.74,66.98,72.21,40.91,0.0,52.54,43.48,0.0,73.68
380,Diego Jardel,Londrina,1390,1,0,41.89,180,41.33,28.57,1.73,1,0.14,1,0.07,24,29.17,4.167,15.38,11.11,25.0,4.08,55.93,43.62,73.66,63.79,92.19,72.18,81.45,39.29,42.86,66.15,18.75,18.18,68.89
381,Alex Sandro,Tombense,2008,9,2,46.78,175,65.33,26.19,1.34,9,0.39,1,0.04,62,33.87,14.516,40.0,30.77,40.0,3.94,51.14,43.62,80.2,67.57,95.4,78.57,84.59,61.29,45.45,83.33,47.37,33.33,92.31
382,Gabriel Santos,Sport Recife,1443,5,1,33.69,185,44.33,33.33,1.62,5,0.19,2,0.12,31,38.71,16.129,14.29,0.0,18.52,4.3,42.03,30.41,68.2,64.15,92.42,60.44,76.15,77.78,25.0,65.52,24.0,50.0,73.68
383,Matheus Lucas,Pouso Alegre,1500,4,2,37.38,180,50.85,29.46,1.36,4,0.49,1,0.06,51,35.29,7.843,0.0,0.0,0.0,3.03,53.06,40.0,77.63,62.5,93.48,80.0,82.41,66.67,100.0,75.0,20.0,100.0,66.67
384,Thomás,Gwangju,1962,3,2,52.3,180,57.14,13.33,1.65,3,0.1,0,0.0,27,40.74,11.111,34.88,40.0,30.43,5.87,71.09,59.68,84.0,75.53,96.0,83.59,88.84,64.29,25.0,83.33,53.33,0.0,87.04
385,Júnior Brandao,Madura United,1256,7,2,30.45,187,48.65,33.33,1.5,7,0.39,0,0.0,33,48.48,21.212,46.15,50.0,42.86,1.22,47.06,24.77,70.92,65.63,85.71,62.22,72.53,100.0,0.0,71.43,57.14,0.0,65.0
386,Zé Paulo,Hồng Lĩnh Hà Tĩnh,2326,6,2,45.4,189,56.16,51.52,2.17,4,0.17,2,0.08,38,28.95,15.789,21.43,25.0,22.22,4.22,55.96,42.69,79.91,62.56,95.16,86.15,82.89,63.49,64.71,64.42,45.95,33.33,84.78
387,P. Monteiro,Tirana,1572,7,1,40.88,177,63.04,26.67,1.6,7,0.38,0,0.0,41,51.22,17.073,23.4,27.27,14.29,4.87,60.0,40.7,70.45,55.71,89.23,61.9,77.57,50.0,42.86,45.83,26.0,50.0,70.73
388,Mirandinha,Paysandu,1105,1,2,42.29,179,51.43,34.62,1.95,1,0.25,0,0.0,41,26.83,2.439,34.62,31.82,50.0,7.41,50.55,41.45,69.35,57.45,82.35,71.7,77.63,22.22,0.0,57.14,68.42,0.0,65.71
389,Silvio,Renofa Yamaguchi,1906,6,4,39.73,184,53.45,45.8,2.46,4,0.41,0,0.0,65,32.31,9.231,28.0,12.5,35.29,4.25,51.11,37.18,74.19,62.64,93.62,71.43,77.26,73.33,77.78,55.81,44.44,63.64,82.98
390,Douglas Vieira,Sanfrecce Hiroshima,1532,7,1,34.45,189,53.57,38.22,1.35,5,0.43,1,0.06,42,38.1,16.667,19.23,25.0,14.29,2.76,44.68,29.14,67.89,54.32,81.71,62.28,71.8,60.0,38.46,42.86,52.38,46.15,68.29
391,Samuel,Oita Trinita,890,1,0,29.29,183,55.0,36.67,2.12,1,0.25,0,0.0,17,23.53,5.882,0.0,0.0,0.0,2.02,50.0,21.79,75.0,59.52,79.31,76.6,76.0,66.67,40.0,61.9,53.33,33.33,72.0
392,Paulo Josue,Kuala Lumpur City,3123,10,13,43.33,184,50.88,40.38,2.68,9,0.22,1,0.03,91,42.86,10.989,37.5,35.71,50.0,1.79,56.45,45.37,65.34,55.6,84.62,70.16,73.68,46.34,35.14,59.89,33.33,26.15,81.94
394,Liliu,Altos,643,3,1,35.29,181,57.14,27.59,0.98,3,0.39,1,0.14,15,53.33,20.0,14.29,0.0,50.0,2.1,53.33,36.07,69.9,63.16,85.19,70.97,74.19,66.67,0.0,66.67,57.14,0.0,66.67
396,Paulo Vyctor,Sirens,1410,5,4,47.87,0,65.71,40.0,2.05,2,0.23,1,0.07,29,37.93,13.793,23.53,25.0,25.0,2.8,51.22,45.11,76.23,57.14,89.06,73.21,81.73,36.11,28.57,56.41,37.5,22.22,62.96
397,Bruno Catanhede,FLC Thanh Hoa,1949,11,0,42.24,185,54.76,47.41,1.29,11,0.41,1,0.05,88,38.64,12.5,35.71,50.0,33.33,3.42,58.11,36.41,69.72,47.92,98.15,70.71,77.45,40.0,33.33,51.43,52.0,0.0,84.85
398,Cleiton Silva,East Bengal,2224,12,2,38.89,174,53.85,39.08,1.7,9,0.43,1,0.04,61,39.34,19.672,15.0,22.22,9.09,1.78,54.55,35.96,83.38,72.18,91.43,84.72,85.74,78.95,50.0,79.55,50.0,42.86,87.8
399,Ricardo Bueno,Confiança,1703,2,1,41.37,183,51.16,44.19,1.36,1,0.26,1,0.05,36,22.22,5.556,28.57,16.67,37.5,2.39,61.36,41.25,82.68,73.96,87.88,84.17,84.94,70.59,25.0,75.0,52.17,20.0,72.09
400,Joao Morelli,HFX Wanderers FC,487,4,1,34.69,180,40.0,41.67,2.59,3,0.46,0,0.0,12,50.0,33.333,40.0,0.0,40.0,4.07,54.55,31.67,77.95,59.46,94.74,77.78,79.28,81.82,0.0,76.47,60.0,75.0,72.73
401,Rodrigo Dias,Da Nang,1392,7,0,44.47,190,61.54,54.18,1.49,5,0.32,1,0.06,40,42.5,17.5,33.33,0.0,20.0,1.36,38.1,24.74,74.83,56.06,86.59,80.77,76.06,62.5,40.0,62.86,57.14,33.33,80.0
402,Paulo Sérgio,ABC,1597,6,0,34.59,181,54.55,24.71,1.97,4,0.29,1,0.06,32,34.38,18.75,25.0,33.33,20.0,1.07,73.68,40.16,77.58,57.75,88.24,78.72,79.4,59.09,12.5,69.05,53.85,11.11,58.33
403,Gustavo Marmentini,Pyunik,919,1,0,37.19,179,56.67,30.56,1.76,1,0.14,0,0.0,17,41.18,5.882,41.67,66.67,33.33,2.55,30.77,28.7,77.58,59.62,87.1,83.08,80.0,66.67,33.33,64.0,57.89,66.67,65.63
404,Renatinho,Botafogo PB,1128,1,5,46.67,172,56.14,23.81,2.73,0,0.21,0,0.0,21,33.33,4.762,21.43,60.0,0.0,3.37,48.65,41.38,76.33,68.83,90.48,79.25,80.75,57.14,25.0,71.7,38.89,28.57,75.0
405,Dorielton,Bashundhara Kings,1476,14,2,49.78,185,56.0,53.01,1.57,11,0.54,1,0.07,39,58.97,28.205,36.36,37.5,100.0,2.39,71.88,48.86,83.56,57.5,94.34,82.72,86.08,62.5,33.33,76.19,46.15,50.0,58.82
406,Yuri Jonathan,Jeju United,2176,10,5,38.95,185,50.91,45.34,1.74,8,0.43,2,0.08,51,43.14,19.608,33.33,40.0,28.57,1.2,58.62,30.0,70.95,46.75,86.84,68.75,72.6,53.85,33.33,52.17,30.0,25.0,57.58
407,Careca,Gangneung City,510,2,1,52.69,184,63.64,18.18,1.2,2,0.37,0,0.0,21,38.1,9.524,20.0,20.0,0.0,4.8,54.17,56.14,82.12,73.33,92.31,85.19,85.0,71.43,0.0,87.5,66.67,0.0,80.0
408,Ramon,Sabah,3528,17,3,35.83,180,45.71,35.06,2.09,17,0.41,5,0.13,101,30.69,16.832,29.41,23.08,33.33,2.83,42.59,30.65,67.4,52.0,90.44,67.33,72.91,35.71,50.0,50.57,36.17,26.09,65.33
409,Jean Lucas,Avaí,764,3,2,38.46,175,50.0,33.33,1.77,2,0.28,0,0.0,30,26.67,10.0,13.33,0.0,18.18,4.24,55.56,34.07,82.61,71.03,89.8,87.31,87.8,72.09,42.86,75.41,53.33,30.0,92.54
410,Patrick Luan,Krumovgrad,1510,4,2,35.16,179,51.49,26.8,2.09,4,0.25,0,0.0,24,29.17,16.667,20.0,27.27,11.11,4.29,50.0,33.87,71.3,59.52,95.45,68.29,76.01,50.0,12.5,70.0,54.55,10.0,66.67
411,Aloísio,América Mineiro,2388,14,6,35.52,176,44.44,33.82,1.32,8,0.49,2,0.08,83,44.58,16.867,37.93,36.36,20.0,2.45,56.92,31.94,67.04,58.68,82.47,68.97,69.8,55.56,47.37,52.27,44.9,33.33,74.63
412,Jefferson da Silva,Shanghai Jiading Huilong,1961,6,2,40.16,188,62.5,40.88,1.33,5,0.28,2,0.09,34,41.18,17.647,22.22,33.33,16.67,2.16,72.34,39.45,79.09,54.12,94.66,84.62,80.74,66.67,40.0,60.0,34.78,28.57,77.78
414,Nilson,Nong Bua Pitchaya FC,2153,14,1,33.85,184,61.4,43.3,1.21,13,0.33,2,0.08,58,37.93,22.414,80.0,100.0,66.67,1.34,28.13,19.57,77.07,71.13,87.04,75.68,77.53,61.54,50.0,71.43,63.64,50.0,64.29
415,Stenio Junior,Chiangmai,1809,7,3,45.97,184,51.92,54.9,1.99,6,0.27,0,0.0,43,44.19,16.279,47.22,50.0,42.86,1.69,55.88,38.76,78.6,59.57,90.42,84.55,82.1,57.78,50.0,71.05,63.93,33.33,86.21
416,Gustavo Coutinho,Atlético GO,2865,14,3,30.17,182,36.99,30.29,1.73,10,0.29,4,0.13,57,49.12,24.561,30.0,22.22,36.36,1.92,37.7,27.98,71.17,53.0,87.6,68.18,73.54,33.33,12.5,51.16,31.03,6.67,70.59
417,Mattheus Oliveira,Farense,1843,5,2,50.6,186,57.69,43.1,3.86,5,0.12,0,0.0,37,51.35,13.514,35.0,38.46,28.57,1.32,70.37,48.08,83.62,70.28,96.24,87.64,87.5,57.89,28.57,69.0,50.0,13.33,79.17
418,Mosquito,Chiangmai United,2159,8,1,35.88,174,62.5,30.38,1.38,5,0.35,1,0.04,56,53.57,14.286,47.06,52.63,40.0,2.33,42.86,25.68,77.45,63.41,91.89,73.13,81.89,34.48,26.67,63.64,35.85,22.73,85.07
419,Mychell Chagas,Yanbian Longding,415,0,0,46.67,183,75.0,35.14,1.08,0,0.45,0,0.0,14,42.86,0.0,0.0,0.0,0.0,0.87,75.0,37.5,83.5,61.54,97.44,76.0,86.0,0.0,33.33,60.0,0.0,0.0,66.67
420,Wander,Chanthaburi,1186,3,1,36.34,190,46.43,48.24,1.29,1,0.53,0,0.0,47,29.79,6.383,37.5,0.0,50.0,3.41,42.22,32.16,72.64,47.5,89.47,69.7,74.73,57.14,0.0,55.56,43.75,20.0,58.82
421,Yann Rolim,Ituano,1848,4,4,44.67,173,53.44,27.27,2.87,3,0.21,0,0.0,37,40.54,10.811,34.15,22.58,70.0,3.46,57.14,44.86,74.57,65.14,95.29,74.56,81.05,45.65,56.25,60.22,49.18,45.0,80.95
422,J. Fernandes,Adanaspor,1574,5,1,34.98,182,54.24,38.6,2.0,3,0.34,0,0.0,34,44.12,14.706,36.0,47.06,12.5,3.58,40.68,26.7,70.42,56.99,83.13,73.13,74.42,58.54,14.29,59.65,33.33,10.0,72.73
423,Maxuell,Birkirkara,1478,9,2,36.36,182,62.75,37.36,1.25,3,0.75,0,0.0,44,43.18,13.636,55.56,100.0,42.86,1.94,50.0,26.89,69.54,66.67,80.49,63.64,72.08,38.46,25.0,75.0,63.64,0.0,61.29
424,Matheus Souza,Floriana,1592,7,1,33.93,188,52.27,27.14,2.21,6,0.4,3,0.19,28,60.71,21.429,58.33,50.0,66.67,2.9,54.35,31.29,80.56,70.83,93.41,75.31,84.44,45.0,33.33,46.88,35.29,25.0,63.33
425,Juninho,Kitchee,1696,9,3,40.54,180,55.26,36.59,1.64,5,0.51,1,0.1,35,54.29,14.286,29.17,33.33,23.81,8.48,59.09,39.56,72.79,60.78,94.19,68.09,81.82,73.68,0.0,79.31,47.62,66.67,85.45
426,Diogo,Johor Darul Ta'zim,776,7,5,38.01,188,63.16,52.17,1.62,7,0.55,1,0.12,24,41.67,29.167,30.77,40.0,28.57,2.2,47.37,31.78,81.42,63.89,88.0,84.38,84.83,50.0,60.0,69.23,60.0,50.0,100.0
427,Vágner Love,Sport Recife,5281,28,8,30.09,172,45.0,26.06,1.28,28,0.39,4,0.07,124,50.81,22.581,28.57,31.58,12.5,2.71,45.28,31.57,75.24,59.73,90.67,79.7,77.95,56.67,38.24,68.03,54.65,35.0,75.76
428,Derley,Prachuap,3401,7,5,37.5,183,54.32,37.23,1.3,4,0.35,2,0.05,81,39.51,8.642,17.24,14.29,21.43,3.2,53.72,35.91,80.28,67.54,91.23,82.07,84.69,52.63,33.33,78.26,47.06,29.41,80.0
429,Kleiton,Tombense,2210,3,3,40.14,180,58.06,39.84,3.23,3,0.17,1,0.04,46,28.26,6.522,20.69,11.11,25.0,3.44,53.09,37.13,79.36,65.75,91.96,79.63,84.89,64.29,57.14,66.67,40.0,55.56,63.89
430,Fernando Viana,Samut Prakan City,760,2,1,40.09,178,50.0,43.53,1.66,2,0.38,1,0.12,20,25.0,10.0,20.0,50.0,0.0,1.18,50.0,29.85,71.83,52.78,86.05,72.73,75.78,44.44,100.0,50.0,41.67,100.0,73.68
431,Cristiano,Ventforet Kofu,1053,2,1,38.25,183,51.16,35.44,2.91,2,0.14,0,0.0,24,25.0,8.333,35.71,28.57,37.14,2.22,50.0,41.3,70.38,60.67,89.22,62.83,78.72,51.06,42.86,61.36,44.44,25.0,79.73
432,Leo Fernandes,Tampa Bay Rowdies,553,4,2,41.67,183,43.75,29.41,2.44,3,0.7,1,0.16,16,50.0,25.0,38.46,33.33,0.0,3.42,61.9,46.15,80.24,63.49,94.52,81.03,84.55,53.33,25.0,71.43,44.44,28.57,75.76
433,Thiago Alagoano,Floresta EC,1813,1,1,31.86,171,54.39,0.0,1.22,1,0.14,0,0.0,26,42.31,3.846,50.0,50.0,46.67,1.75,39.39,30.43,80.15,67.37,94.51,80.31,85.92,46.88,30.0,71.7,47.06,27.78,80.95
434,Lohan,Criciúma,1852,5,2,38.25,191,39.29,39.19,1.37,5,0.48,3,0.15,51,33.33,9.804,33.33,33.33,33.33,1.03,66.67,36.43,78.32,62.07,93.26,78.89,80.0,61.54,40.0,68.97,33.33,50.0,79.41
435,Gabriel Honório,Seongnam,1854,8,5,39.86,184,57.14,17.65,1.31,7,0.29,0,0.0,61,37.7,13.115,50.0,40.0,51.52,10.83,52.47,40.08,74.61,58.2,89.0,79.42,77.87,62.26,35.0,65.48,57.89,36.0,83.17
436,Fabrício,Levante,2346,3,0,38.92,186,63.11,28.57,1.46,3,0.23,0,0.0,55,32.73,5.455,26.03,28.26,22.22,7.98,50.96,38.07,66.01,54.05,86.73,60.71,74.51,67.74,16.67,64.71,39.58,41.67,65.45
437,Felipe Garcia,Operário PR,3719,15,2,37.2,185,47.13,35.19,2.19,9,0.33,5,0.14,70,41.43,15.714,26.19,33.33,24.24,1.69,51.61,35.98,72.8,61.22,84.66,75.94,75.81,73.08,40.0,58.23,44.68,25.0,75.64
438,Jhon Cley,Công An Nhân Dân,1807,11,1,42.03,183,55.0,28.57,1.2,7,0.38,1,0.05,42,50.0,26.19,15.38,12.5,20.0,2.09,61.9,45.04,78.6,66.93,95.29,78.2,82.67,61.36,37.5,67.44,51.22,43.48,94.03
439,Devid,Kelantan United,1115,4,0,38.87,180,60.0,40.51,1.94,2,0.49,0,0.0,39,43.59,10.256,0.0,0.0,0.0,2.74,50.0,34.65,79.5,62.16,97.4,70.27,81.87,33.33,50.0,46.67,50.0,50.0,57.14
440,Brandão,Hoang Anh Gia Lai,2509,2,2,41.52,183,65.79,51.81,2.2,2,0.11,1,0.04,37,35.14,5.405,31.82,20.0,44.44,3.83,47.57,32.2,72.82,62.18,85.94,63.16,77.54,47.37,14.29,62.16,51.22,16.67,66.04
441,Adler,Stal Rzeszów,934,2,1,32.42,186,45.95,41.1,1.06,1,0.34,0,0.0,25,44.0,8.0,36.36,42.86,25.0,2.99,51.61,27.82,68.34,50.94,95.92,65.38,73.3,23.08,0.0,50.0,50.0,12.5,78.95
442,Everton,PSM,3062,7,4,43.42,186,64.62,43.13,1.48,4,0.27,1,0.03,58,44.83,10.345,32.26,26.67,37.5,4.56,52.32,40.93,71.63,64.1,88.89,69.57,74.83,60.0,45.83,69.84,49.21,50.0,79.03
443,Jonata,Visakha,2137,10,0,33.59,188,57.75,36.41,2.44,6,0.43,2,0.08,41,36.59,24.39,25.0,0.0,21.43,1.39,54.55,25.24,74.93,56.25,87.74,77.78,79.03,30.0,50.0,51.61,71.43,50.0,62.96
444,David Silva,Persib,3042,20,4,38.97,185,61.43,42.53,1.39,16,0.55,1,0.03,102,39.22,19.608,18.75,28.57,11.11,4.2,48.59,37.44,72.29,54.55,84.03,77.5,74.77,61.11,35.71,65.91,48.28,30.0,68.57
445,Kelvin,Ryūkyū,1507,2,1,30.03,175,61.76,24.19,1.43,2,0.12,0,0.0,20,30.0,10.0,27.91,28.57,28.57,5.2,47.13,29.74,78.15,62.35,88.55,75.34,85.86,36.36,28.57,86.84,40.48,25.0,83.33
446,Valdeci,Tacuary,954,2,0,45.11,169,63.16,21.05,3.6,2,0.18,0,0.0,24,41.67,8.333,38.46,33.33,46.15,8.66,55.06,42.33,70.79,60.16,90.38,74.12,77.99,36.67,35.0,61.4,46.67,30.43,79.71
447,R. Ramires,FK Auda,2448,14,1,26.26,178,48.19,25.79,1.69,11,0.51,1,0.04,80,51.25,17.5,0.0,0.0,0.0,2.32,38.1,20.16,79.62,67.24,87.66,77.89,83.38,46.15,55.56,60.0,52.94,33.33,61.29
448,A. Becker,Viktoria Köln,1423,8,0,38.31,197,56.6,52.38,2.34,8,0.5,1,0.06,26,61.54,30.769,0.0,0.0,0.0,1.01,43.75,22.34,75.08,61.7,87.91,75.95,75.61,66.67,33.33,78.26,28.57,33.33,46.15
449,Marcus Índio,Imabari,2785,10,9,40.66,173,55.68,40.91,2.84,10,0.32,3,0.1,103,35.92,9.709,42.31,27.27,46.15,8.6,53.76,38.13,73.43,66.53,80.6,70.61,76.93,53.19,43.33,72.55,52.48,41.94,79.87
450,Adriano Michael Jackson,Atlético Alagoinhas,600,2,0,32.38,172,50.0,28.0,1.05,2,0.35,1,0.15,14,35.71,14.286,50.0,0.0,50.0,2.1,35.71,30.0,78.13,45.0,96.77,90.0,81.11,25.0,0.0,50.0,50.0,0.0,71.43
451,Felype Hebert,Kalamata,1155,2,0,35.47,180,61.82,33.33,1.93,2,0.32,0,0.0,21,57.14,9.524,0.0,0.0,0.0,2.68,52.0,27.56,72.0,53.7,95.0,69.44,77.02,20.0,0.0,54.55,18.18,0.0,52.94
452,Amarildo,Resende,416,0,0,31.25,188,62.5,21.05,1.08,0,0.34,0,0.0,10,60.0,0.0,0.0,0.0,0.0,1.73,37.5,23.33,84.44,62.5,100.0,86.67,84.44,0.0,0.0,80.0,50.0,0.0,40.0
456,Wellington Paulista,América Mineiro,1106,9,0,33.33,180,38.1,40.0,1.72,7,0.84,1,0.09,33,48.48,27.273,40.0,40.0,0.0,0.69,50.0,31.25,75.0,58.97,94.12,70.45,77.86,62.5,66.67,70.83,58.82,66.67,81.25
457,Bruno Lopes,Maringá,1142,3,0,30.16,175,39.66,19.51,2.36,3,0.12,0,0.0,21,47.62,14.286,20.0,33.33,14.29,1.18,53.33,27.93,68.83,60.34,83.05,63.01,72.25,40.0,28.57,56.67,41.18,14.29,65.63
458,Jô,CSA,709,2,0,34.3,190,54.55,33.66,1.9,2,0.33,1,0.13,20,40.0,10.0,0.0,0.0,0.0,2.67,33.33,34.18,65.85,75.0,80.0,66.67,69.23,0.0,0.0,50.0,50.0,0.0,33.33
459,Álvaro,América RN,854,4,0,38.33,185,42.31,41.74,1.26,4,0.49,1,0.11,28,50.0,14.286,66.67,50.0,100.0,1.05,50.0,33.33,77.5,47.37,88.57,82.86,77.78,0.0,100.0,50.0,66.67,100.0,80.0
460,Léo Passos,Primavera SP,879,2,0,39.93,183,62.07,29.55,2.97,2,0.18,1,0.1,19,42.11,10.526,0.0,0.0,0.0,3.28,40.63,39.36,63.55,51.61,87.5,50.0,72.04,25.0,0.0,36.36,30.0,0.0,42.86
461,Nicolas,Figueirense,1125,3,0,41.41,180,56.82,31.75,1.18,3,0.36,1,0.08,26,38.46,11.538,26.83,28.57,25.0,4.29,62.75,46.15,66.84,58.54,88.24,65.52,78.15,0.0,33.33,62.5,53.57,33.33,70.0
462,Douglas Rosa,Sanna Khanh Hoa,2145,12,0,38.3,184,55.0,41.67,1.93,11,0.41,0,0.0,51,43.14,23.529,18.75,17.65,20.0,3.86,57.61,34.12,81.58,75.0,94.12,73.72,86.78,64.71,50.0,64.71,31.25,50.0,80.0
463,Stefan,Southern District,1532,14,0,43.28,180,78.57,38.46,2.22,8,0.74,2,0.25,36,52.78,22.222,100.0,100.0,100.0,1.98,68.75,35.29,73.37,59.52,83.72,74.0,73.68,54.55,0.0,48.0,66.67,0.0,86.96
464,João Marcos,Santa Clara,2025,7,1,31.98,180,49.18,29.81,1.16,7,0.36,0,0.0,45,48.89,15.556,0.0,0.0,0.0,1.73,48.72,30.5,80.31,80.0,90.09,74.51,81.42,50.0,0.0,78.57,76.92,0.0,77.78
465,W. Priori,Police Tero,1896,2,1,41.61,190,47.54,49.06,3.32,2,0.13,0,0.0,37,29.73,5.405,26.09,23.81,29.17,4.08,48.84,36.32,66.2,55.17,85.71,69.18,75.13,36.51,58.33,54.74,36.92,39.29,73.79
466,D. Vinicius,Duhok,1120,3,1,39.38,194,39.53,54.84,1.37,3,0.28,2,0.16,21,47.62,14.286,20.0,25.0,0.0,2.25,46.43,29.33,74.55,52.17,91.07,77.05,77.67,33.33,0.0,40.0,50.0,0.0,58.82
467,Victor Andrade,Juventude,529,0,0,50.57,178,58.33,38.46,0.85,0,0.19,0,0.0,12,16.67,0.0,13.33,14.29,0.0,10.89,65.63,53.64,74.02,50.0,95.83,79.63,83.49,25.0,40.0,60.0,53.33,50.0,93.75
468,Erikys,Heilongjiang Ice City,3407,21,7,44.85,182,59.84,50.26,2.11,18,0.5,2,0.05,138,42.75,15.217,37.1,37.74,42.86,6.63,56.57,42.36,75.19,59.86,90.43,78.08,80.21,56.14,46.67,60.29,58.9,38.89,81.74
469,M. Cruz,Nasaf,2057,6,1,30.16,187,41.18,29.32,1.65,4,0.29,3,0.18,37,45.95,10.811,60.0,0.0,60.0,1.71,53.57,28.48,81.94,71.43,97.18,78.85,82.69,75.0,25.0,63.64,69.23,25.0,56.25
470,K. Amarante,Tirana,1427,5,2,28.66,0,48.84,25.35,0.95,4,0.34,2,0.13,30,43.33,16.667,50.0,100.0,0.0,1.39,54.55,27.23,79.08,53.85,92.94,70.0,80.87,28.57,100.0,53.33,42.86,0.0,50.0
471,Igor Henrique,Vila Nova,2321,5,1,46.48,183,53.43,45.69,3.1,5,0.18,3,0.12,49,22.45,10.204,16.67,12.5,25.0,3.1,51.25,41.67,81.99,74.12,93.1,84.88,87.06,48.57,50.0,73.83,56.25,47.06,74.8
472,Olavio,Brusque,2664,14,3,28.73,184,50.0,29.56,1.07,12,0.38,5,0.17,73,39.73,17.808,75.0,0.0,66.67,1.45,45.24,23.38,74.89,57.45,85.0,70.21,75.85,50.0,0.0,66.67,66.67,33.33,60.0
474,Gleyson Oliveira,Gyeongnam,1955,11,2,37.14,186,59.74,35.23,2.39,11,0.28,5,0.23,34,47.06,32.353,25.0,0.0,33.33,1.66,36.11,33.56,69.17,47.78,91.46,74.49,71.09,60.0,42.86,50.0,41.67,40.0,65.63
475,Thiago Henrique,Ansan Greeners,765,1,1,39.35,186,48.39,44.68,2.94,1,0.18,0,0.0,23,30.43,4.348,45.45,45.45,0.0,4.0,47.06,35.19,71.55,50.0,81.97,76.25,73.68,58.33,0.0,75.0,33.33,20.0,70.0
476,Adílio Santos,Penafiel,1286,3,1,39.38,178,46.94,27.69,2.59,3,0.3,1,0.07,23,39.13,13.043,30.0,40.0,25.0,2.38,61.76,43.54,77.03,81.58,92.42,69.35,84.57,66.67,0.0,75.0,64.0,50.0,82.5
477,Élton,Remo,878,4,0,33.33,185,50.0,36.51,1.23,4,0.46,1,0.1,25,40.0,16.0,28.57,20.0,50.0,0.92,33.33,24.53,69.34,42.31,89.47,71.79,71.43,75.0,0.0,61.54,20.0,100.0,72.73
478,Nenê Bonilha,Paysandu,1325,1,0,42.45,175,59.38,31.43,2.04,1,0.09,1,0.07,17,29.41,5.882,66.67,50.0,100.0,2.11,54.84,37.93,86.1,73.61,94.19,92.61,87.27,68.0,33.33,73.56,44.44,18.18,84.81
479,Dé,Mariehamn,2144,5,1,44.64,177,61.35,36.89,2.48,3,0.34,2,0.08,57,40.35,8.772,27.08,29.17,25.0,5.75,56.93,39.38,72.62,57.24,91.18,70.31,78.37,54.55,33.33,56.76,39.34,30.77,70.48
481,Rafael Martins,Santa Clara,1595,7,0,33.53,177,40.68,37.93,1.52,7,0.32,3,0.17,37,40.54,18.919,0.0,0.0,0.0,0.85,40.0,27.73,72.16,47.14,84.31,75.51,73.6,44.44,66.67,48.48,11.11,40.0,46.15
482,Nick Firmino,Atlanta United II,2698,17,4,42.5,180,54.76,38.82,2.97,16,0.31,5,0.17,74,47.3,22.973,18.75,16.67,20.0,4.04,52.14,39.82,88.05,77.87,95.5,92.79,91.35,47.3,46.15,72.19,63.41,39.13,73.91
483,Léo Bahia,Almazán,1864,6,0,37.77,176,61.4,27.91,1.57,4,0.22,2,0.1,30,23.33,16.667,20.0,15.0,33.33,3.65,51.39,35.57,70.61,58.9,90.0,61.96,77.65,50.0,50.0,54.17,23.08,25.0,67.74
484,Lucas Lima,Helsingborg,1402,2,1,38.13,189,43.02,48.35,2.38,2,0.34,1,0.06,32,40.63,6.25,38.46,75.0,25.0,4.17,50.77,37.56,70.4,57.14,85.96,69.81,73.3,25.0,100.0,55.0,66.67,100.0,52.17
485,Nenê,Juventude,2905,11,4,41.3,181,52.05,21.57,1.05,9,0.24,0,0.0,78,39.74,14.103,42.59,33.8,60.0,2.14,47.83,43.14,68.55,56.71,93.39,73.7,77.78,49.32,37.93,55.29,51.52,28.21,77.37
486,Matheus Alves,Lahti,2216,9,2,39.01,188,56.52,43.67,1.38,7,0.34,4,0.16,51,47.06,17.647,16.13,16.67,15.79,4.22,50.96,34.2,63.59,40.57,90.32,67.44,69.55,47.5,7.69,51.61,33.33,20.0,60.38
487,Gustavo Tocantins,Barito Putera,3283,15,4,43.41,179,47.73,43.32,1.01,12,0.4,1,0.03,67,49.25,22.388,37.04,38.1,33.33,2.41,65.91,44.31,83.77,72.5,92.75,86.04,85.96,75.0,50.0,77.94,52.78,40.0,83.33
488,Julio César,Ironi Tiberias,3185,14,4,35.92,184,55.79,44.19,0.96,13,0.45,8,0.23,90,45.56,15.556,33.33,33.33,33.33,1.07,50.0,25.95,69.73,49.25,83.9,69.1,70.9,46.15,41.67,52.17,48.0,41.67,58.7
489,Patric,Kyoto Sanga,1607,12,1,40.17,189,52.27,47.45,2.07,10,0.49,3,0.17,36,55.56,33.333,28.57,100.0,0.0,1.34,45.83,32.23,60.71,52.75,79.07,59.21,61.8,50.0,0.0,53.85,54.55,0.0,64.29
490,Magno Cruz,Jiangxi Lushan,3090,6,6,37.6,178,56.1,29.03,1.43,6,0.21,0,0.0,46,41.3,13.043,30.77,40.0,25.0,3.38,57.76,36.52,81.98,73.4,89.42,83.4,84.69,60.53,38.89,73.12,48.21,31.58,79.21
491,Éder,Criciúma,2508,9,2,40.33,179,46.03,28.41,0.89,5,0.28,1,0.04,61,39.34,13.115,44.0,55.0,36.67,2.34,63.49,45.69,80.14,78.31,94.55,75.89,85.47,74.07,75.0,80.65,65.96,75.0,84.91
492,Élder Santana,Aktobe,2630,6,6,41.9,186,53.27,45.72,1.57,6,0.26,3,0.1,61,24.59,9.836,27.27,16.67,26.67,2.19,57.81,38.38,71.99,49.32,86.75,61.9,76.45,52.63,25.0,43.59,46.15,20.0,81.48
493,Cassiano,Estoril,2602,9,2,38.55,184,48.51,36.05,1.69,7,0.34,2,0.08,45,40.0,17.778,20.0,28.57,9.09,1.65,55.81,37.82,66.78,53.52,88.3,61.76,71.91,28.57,66.67,50.0,48.39,40.0,76.32
494,Ronivaldo,Blau-Weiß Linz,2126,22,4,37.99,173,65.22,39.09,1.9,21,0.79,5,0.21,97,51.55,22.68,37.93,42.86,30.0,2.58,44.26,33.33,71.14,57.01,86.41,66.88,74.28,33.33,35.29,60.87,43.86,41.18,72.55
495,E. Paulista,Trat,2559,10,1,38.17,186,50.0,36.79,1.27,9,0.39,2,0.07,73,42.47,13.699,30.0,25.0,33.33,3.9,59.46,38.64,72.09,59.57,93.55,68.52,76.37,52.63,50.0,57.14,48.48,50.0,82.22
497,Quirino,Ituano,2389,7,0,31.3,180,48.94,27.91,1.58,7,0.24,1,0.04,60,31.67,11.667,16.0,14.29,17.65,2.67,47.89,31.11,77.73,62.67,85.92,77.06,82.23,53.85,20.0,72.41,31.58,30.0,72.73
498,Wellington,Avispa Fukuoka,1087,5,0,38.79,186,44.0,50.0,2.15,5,0.49,3,0.25,31,32.26,16.129,0.0,0.0,0.0,0.83,30.0,20.93,66.92,45.45,75.76,74.63,69.08,25.0,0.0,46.43,0.0,20.0,65.22
499,Lucas Gaúcho,Independiente Petrolero,1130,1,0,34.4,184,61.54,37.78,0.89,1,0.15,0,0.0,18,27.78,5.556,25.0,0.0,28.57,1.89,52.63,27.85,64.84,53.33,76.74,68.18,67.5,53.33,0.0,48.15,45.45,33.33,74.07
